GameID,Team,Result,Player,Position
1,1,W,KJC_Trinaldo,1
1,1,W,KJC_Michael,2
1,1,W,KJC_SuperChameau,3
1,1,W,KJC_Dave,4
1,2,L,MIKO,1
1,2,L,KJC_Obi-Wan,2
1,2,L,KJC_BLAD3*Danoirk,3
1,2,L,TSO#UltimeHommeFromage,4
2,1,L,KJC_Dave,1
2,1,L,KJC_Yoda,2
2,1,L,TSO|Castano,3
2,2,W,KJC_Michael,1
2,2,W,MIKO,2
2,2,W,Skinny,3
3,1,L,KJC_Yoda,1
3,1,L,KJC_SuperChameau,2
3,1,L,TSO_KKaya,3
3,2,W,KJC_Dave,1
3,2,W,KJC_Michael,2
3,2,W,Seán,3
4,1,W,MIKO,1
4,1,W,KJC_Yoda,2
4,1,W,KJC_Obi-Wan,3
4,2,L,KJC_Michael,1
4,2,L,KJC_BLAD3*Danoirk,2
4,2,L,Backtous,3
5,1,L,Rela,1
5,1,L,KJC_Yoda,2
5,1,L,MIKO,3
5,1,L,TSO_KKaya,4
5,2,W,TSO#UltimeHommeFromage,1
5,2,W,KJC_Michael,2
5,2,W,KJC_BLAD3*Danoirk,3
5,2,W,Seán,4
6,1,W,KJC_Michael,1
6,1,W,KJC_Obi-Wan,2
6,1,W,KJC_Yoda,3
6,1,W,TSO#UltimeHommeFromage,4
6,1,W,Seán,5
6,2,L,MIKO,1
6,2,L,KJC_BLAD3*Danoirk,2
6,2,L,KJC_Dave,3
6,2,L,Rela,4
6,2,L,TSO|Castano,5
7,1,L,KJC_Michael,1
7,1,L,TSO~M-u-t-a-n-e,2
7,1,L,KJC_BLAD3*Danoirk,3
7,2,W,Seán,1
7,2,W,KJC_Yoda,2
7,2,W,TSO#UltimeHommeFromage,3
8,1,W,KJC_Michael,1
8,1,W,KJC_Yoda,2
8,1,W,KJC_Dave,3
8,1,W,KJC_SuperChameau,4
8,2,L,TSO#UltimeHommeFromage,1
8,2,L,KJC_BLAD3*Danoirk,2
8,2,L,MIKO,3
8,2,L,flo,4
9,1,L,KJC_Yoda,1
9,1,L,KJC_Michael,2
9,1,L,ELDER74,3
9,1,L,TSO~M-u-t-a-n-e,4
9,2,W,TSO#UltimeHommeFromage,1
9,2,W,noway,2
9,2,W,Seán,3
9,2,W,flo,4
10,1,W,KJC_SuperChameau,1
10,1,W,KJC_Yoda,2
10,1,W,ELDER74,3
10,2,L,Seán,1
10,2,L,flo,2
10,2,L,TSO#UltimeHommeFromage,3
11,1,W,TSO#UltimeHommeFromage,1
11,1,W,noway,2
11,1,W,KJC_SuperChameau,3
11,1,W,TSO|Castano,4
11,2,L,MIKO,1
11,2,L,Pumba,2
11,2,L,Seán,3
11,2,L,TSO_KKaya,4
12,1,D,Seán,1
12,1,D,KJC_Yoda,2
12,1,D,KJC_Dave,3
12,2,D,KJC_SuperChameau,1
12,2,D,flo,2
12,2,D,ROR-GeiST,3
13,1,L,KJC_Dave,1
13,1,L,KJC_Yoda,2
13,1,L,ROR-GeiST,3
13,1,L,TSO~M-u-t-a-n-e,4
13,2,W,Seán,1
13,2,W,flo,2
13,2,W,KJC_SuperChameau,3
13,2,W,Quabity,4
14,1,W,KJC_Dave,1
14,1,W,KJC_Michael,2
14,1,W,TSO~M-u-t-a-n-e,3
14,2,L,Seán,1
14,2,L,KJC_Yoda,2
14,2,L,TSO_KKaya,3
15,1,L,KJC_Michael,1
15,1,L,KJC_Yoda,2
15,1,L,flo,3
15,1,L,TSO~M-u-t-a-n-e,4
15,2,W,KJC_Obi-Wan,1
15,2,W,Pumba,2
15,2,W,MIKO,3
15,2,W,Quabity,4
16,1,W,Seán,1
16,1,W,KJC_Michael,2
16,1,W,TSO~M-u-t-a-n-e,3
16,2,L,KJC_SuperChameau,1
16,2,L,MIKO,2
16,2,L,TSO_KKaya,3
17,1,W,KJC_Obi-Wan,1
17,1,W,noway,2
17,1,W,Rela,3
17,1,W,TSO#UltimeHommeFromage,4
17,2,L,Seán,1
17,2,L,Pumba,2
17,2,L,TSO~M-u-t-a-n-e,3
17,2,L,Quabity,4
18,1,W,Seán,1
18,1,W,Pumba,2
18,1,W,KJC_Obi-Wan,3
18,2,L,Rela,1
18,2,L,Mr.Three,2
18,2,L,TSO#UltimeHommeFromage,3
19,1,W,KJC_Dave,1
19,1,W,KJC_Michael,2
19,1,W,KJC_Yoda,3
19,1,W,MIKO,4
19,1,W,TSO|Castano,5
19,2,L,KJC_Obi-Wan,1
19,2,L,Pumba,2
19,2,L,KJC_SuperChameau,3
19,2,L,TSO~M-u-t-a-n-e,4
19,2,L,Quabity,5
20,1,L,Seán,1
20,1,L,Rela,2
20,1,L,Phil182,3
20,1,L,TSO~M-u-t-a-n-e,4
20,2,W,MIKO,1
20,2,W,KJC_Obi-Wan,2
20,2,W,KJC_BLAD3*Danoirk,3
20,2,W,KJC_SuperChameau,4
21,1,W,KJC_Yoda,1
21,1,W,Rela,2
21,1,W,DaFavorito,3
21,1,W,TSO~M-u-t-a-n-e,4
21,1,W,TSO_KKaya,5
21,2,L,KJC_Michael,1
21,2,L,Phil182,2
21,2,L,MIKO,3
21,2,L,Seán,4
21,2,L,TSO^Snachioz,5
22,1,W,KJC_Michael,1
22,1,W,MIKO,2
22,1,W,TSO~M-u-t-a-n-e,3
22,2,L,TSO|Castano,1
22,2,L,KJC_Obi-Wan,2
22,2,L,mclorenz,3
23,1,W,MIKO,1
23,1,W,Rela,2
23,1,W,KJC_Obi-Wan,3
23,1,W,TSO~M-u-t-a-n-e,4
23,1,W,mclorenz,5
23,2,L,TSO|Castano,1
23,2,L,eleveN,2
23,2,L,Seán,3
23,2,L,TSO^Snachioz,4
23,2,L,Quabity,5
24,1,D,Seán,1
24,1,D,slender,2
24,1,D,flo,3
24,1,D,MIKO,4
24,1,D,TSO~M-u-t-a-n-e,5
24,2,D,KJC_Obi-Wan,1
24,2,D,KJC_Yoda,2
24,2,D,KJC_Dave,3
24,2,D,ELDER74,4
24,2,D,Quabity,5
25,1,W,flo,1
25,1,W,Pumba,2
25,1,W,KJC_Obi-Wan,3
25,1,W,KJC_Dave,4
25,2,L,TSO|Castano,1
25,2,L,ELDER74,2
25,2,L,KJC_Yoda,3
25,2,L,TSO~M-u-t-a-n-e,4
26,1,W,KJC_SuperChameau,1
26,1,W,Rela,2
26,1,W,DaFavorito,3
26,1,W,ELDER74,4
26,1,W,TSO|Castano,5
26,2,L,flo,1
26,2,L,KJC_Yoda,2
26,2,L,MIKO,3
26,2,L,Seán,4
26,2,L,TSO~M-u-t-a-n-e,5
27,1,L,MIKO,1
27,1,L,Rela,2
27,1,L,DaFavorito,3
27,1,L,TSO~M-u-t-a-n-e,4
27,2,W,KJC_Yoda,1
27,2,W,KJC_Obi-Wan,2
27,2,W,Mr.Three,3
27,2,W,Seán,4
28,1,W,Killeashed,1
28,1,W,KJC_Michael,2
28,1,W,ELDER74,3
28,1,W,DaFavorito,4
28,2,L,TSO|Castano,1
28,2,L,KJC_Yoda,2
28,2,L,TSO~M-u-t-a-n-e,3
28,2,L,Seán,4
29,1,L,Quabity,1
29,1,L,KJC_Michael,2
29,1,L,flo,3
29,1,L,DaFavorito,4
29,2,W,KJC_Obi-Wan,1
29,2,W,Pumba,2
29,2,W,MIKO,3
29,2,W,TSO~M-u-t-a-n-e,4
30,1,L,TSO~M-u-t-a-n-e,1
30,1,L,DaFavorito,2
30,1,L,flo,3
30,1,L,MIKO,4
30,2,W,TSO_KKaya,1
30,2,W,KJC_Dave,2
30,2,W,KJC_SuperChameau,3
30,2,W,piCtrues,4
31,1,L,TSO^Snachioz,1
31,1,L,TSO~M-u-t-a-n-e,2
31,1,L,KJC_Obi-Wan,3
31,2,W,KJC_Yoda,1
31,2,W,piCtrues,2
31,2,W,MIKO,3
32,1,L,TSO^Snachioz,1
32,1,L,KJC_Obi-Wan,2
32,1,L,MIKO,3
32,1,L,Quabity,4
32,2,W,KJC_Dave,1
32,2,W,piCtrues,2
32,2,W,TSO~M-u-t-a-n-e,3
32,2,W,KJC_Yoda,4
33,1,W,piCtrues,1
33,1,W,Seán,2
33,1,W,MIKO,3
33,1,W,TSO~M-u-t-a-n-e,4
33,2,L,KJC_Obi-Wan,1
33,2,L,KJC_Yoda,2
33,2,L,KJC_Dave,3
33,2,L,Quabity,4
34,1,W,TSO~M-u-t-a-n-e,1
34,1,W,KJC_Michael,2
34,1,W,DaFavorito,3
34,1,W,ZeroSamus,4
34,1,W,TSO_KKaya,5
34,2,L,TSO|Castano,1
34,2,L,KJC_Obi-Wan,2
34,2,L,MIKO,3
34,2,L,Quilty,4
34,2,L,TSO^Snachioz,5
35,1,W,MIKO,1
35,1,W,Pumba,2
35,1,W,z-dawg,3
35,1,W,TSO~M-u-t-a-n-e,4
35,2,L,KJC_Obi-Wan,1
35,2,L,KJC_SuperChameau,2
35,2,L,KJC_Dave,3
35,2,L,Quabity,4
36,1,L,KJC_Trinaldo,1
36,1,L,KJC_Michael,2
36,1,L,KJC_SuperChameau,3
36,1,L,MIKO,4
36,1,L,KJC_Yoda,5
36,2,W,Rela,1
36,2,W,KJC_Obi-Wan,2
36,2,W,DaFavorito,3
36,2,W,Mr.Three,4
36,2,W,TSO~M-u-t-a-n-e,5
37,1,D,MIKO,1
37,1,D,KJC_Obi-Wan,2
37,1,D,Patric,3
37,1,D,Quilty,4
37,2,D,Quabity,1
37,2,D,piCtrues,2
37,2,D,Killeashed,3
37,2,D,TSO~M-u-t-a-n-e,4
38,1,W,KJC_Obi-Wan,1
38,1,W,Seán,2
38,1,W,Killeashed,3
38,1,W,TSO~M-u-t-a-n-e,4
38,2,L,MIKO,1
38,2,L,darkrider,2
38,2,L,DaFavorito,3
38,2,L,Quabity,4
39,1,L,KJC_Michael,1
39,1,L,Quabity,2
39,1,L,MIKO,3
39,1,L,KJC_SuperChameau,4
39,2,W,Seán,1
39,2,W,piCtrues,2
39,2,W,lukas2231,3
39,2,W,TSO~M-u-t-a-n-e,4
40,1,W,KJC_Obi-Wan,1
40,1,W,KJC_SuperChameau,2
40,1,W,DaFavorito,3
40,1,W,MIKO,4
40,2,L,Seán,1
40,2,L,Rela,2
40,2,L,TSO~M-u-t-a-n-e,3
40,2,L,Quilty,4
41,1,L,KJC_Obi-Wan,1
41,1,L,Pumba,2
41,1,L,KJC_Dave,3
41,1,L,MIKO,4
41,2,W,TSO~M-u-t-a-n-e,1
41,2,W,slender,2
41,2,W,eleveN,3
41,2,W,Quilty,4
42,1,W,KJC_Obi-Wan,1
42,1,W,KJC_SuperChameau,2
42,1,W,DaFavorito,3
42,1,W,Seán,4
42,2,L,TSO~M-u-t-a-n-e,1
42,2,L,piCtrues,2
42,2,L,MIKO,3
42,2,L,Quabity,4
43,1,W,KJC_Obi-Wan,1
43,1,W,KJC_Michael,2
43,1,W,KJC_Yoda,3
43,1,W,DaFavorito,4
43,1,W,Quabity,5
43,2,L,Seán,1
43,2,L,piCtrues,2
43,2,L,Rela,3
43,2,L,Phil182,4
43,2,L,TSO~M-u-t-a-n-e,5
44,1,W,KJC_Obi-Wan,1
44,1,W,Rela,2
44,1,W,Phil182,3
44,2,L,Seán,1
44,2,L,TSO~M-u-t-a-n-e,2
44,2,L,MIKO,3
45,1,W,KJC_Obi-Wan,1
45,1,W,Phil182,2
45,1,W,KJC_Dave,3
45,1,W,MIKO,4
45,2,L,Seán,1
45,2,L,Rela,2
45,2,L,TSO~M-u-t-a-n-e,3
45,2,L,ace,4
46,1,D,KJC_Obi-Wan,1
46,1,D,lukas2231,2
46,1,D,CocoLapin,3
46,1,D,Quabity,4
46,2,D,KJC_SuperChameau,1
46,2,D,ace,2
46,2,D,z-dawg,3
46,2,D,TSO~M-u-t-a-n-e,4
47,1,W,KJC_Obi-Wan,1
47,1,W,lukas2231,2
47,1,W,CocoLapin,3
47,1,W,Quabity,4
47,2,L,piCtrues,1
47,2,L,Patric,2
47,2,L,ace,3
47,2,L,TSO^Snachioz,4
48,1,L,KJC_Obi-Wan,1
48,1,L,Kitty,2
48,1,L,ace,3
48,1,L,Quabity,4
48,2,W,MIKO,1
48,2,W,lukas2231,2
48,2,W,TSO|Castano,3
48,2,W,TSO^Snachioz,4
49,1,D,KJC_Obi-Wan,1
49,1,D,WOW,2
49,1,D,Quabity,3
49,1,D,TSO|Castano,4
49,2,D,MIKO,1
49,2,D,lukas2231,2
49,2,D,ace,3
49,2,D,TSO^Snachioz,4
50,1,W,KJC_Obi-Wan,1
50,1,W,slender,2
50,1,W,Kitty,3
50,1,W,TSO^Snachioz,4
50,2,L,KJC_Yoda,1
50,2,L,Sev,2
50,2,L,Seán,3
50,2,L,Quabity,4
51,1,D,KJC_Obi-Wan,1
51,1,D,KJC_Yoda,2
51,1,D,CocoLapin,3
51,1,D,Seán,4
51,2,D,DaFavorito,1
51,2,D,lukas2231,2
51,2,D,Sev,3
51,2,D,Quabity,4
52,1,L,KJC_Obi-Wan,1
52,1,L,KJC_Yoda,2
52,1,L,CocoLapin,3
52,1,L,ace,4
52,2,W,DaFavorito,1
52,2,W,lukas2231,2
52,2,W,Sev,3
52,2,W,Seán,4
53,1,W,KJC_Obi-Wan,1
53,1,W,noway,2
53,1,W,ace,3
53,1,W,Seán,4
53,2,L,KJC_SuperChameau,1
53,2,L,Sev,2
53,2,L,lukas2231,3
53,2,L,Quabity,4
54,1,L,KJC_Obi-Wan,1
54,1,L,KJC_Yoda,2
54,1,L,MIKO,3
54,1,L,Quabity,4
54,1,L,Quilty,5
54,2,W,Seán,1
54,2,W,CocoLapin,2
54,2,W,ace,3
54,2,W,IcemaN,4
54,2,W,TSO^Snachioz,5
55,1,L,KJC_Obi-Wan,1
55,1,L,lukas2231,2
55,1,L,MIKO,3
55,1,L,Quabity,4
55,1,L,TSO^Snachioz,5
55,2,W,KJC_SuperChameau,1
55,2,W,Patric,2
55,2,W,ace,3
55,2,W,IcemaN,4
55,2,W,Quilty,5
56,1,W,KJC_Obi-Wan,1
56,1,W,KJC_Michael,2
56,1,W,Kitty,3
56,1,W,TSO#UltimeHommeFromage,4
56,2,L,IcemaN,1
56,2,L,KJC_SuperChameau,2
56,2,L,MIKO,3
56,2,L,xInFaMoUsJoKeR,4
57,1,W,ace,1
57,1,W,KJC_Michael,2
57,1,W,Phil182,3
57,1,W,MIKO,4
57,2,L,IcemaN,1
57,2,L,KJC_Obi-Wan,2
57,2,L,KJC_Yoda,3
57,2,L,Quabity,4
58,1,W,KJC_BLAD3*Danoirk,1
58,1,W,KJC_Obi-Wan,2
58,1,W,MIKO,3
58,1,W,Quabity,4
58,2,L,KJC_SuperChameau,1
58,2,L,Phil182,2
58,2,L,IcemaN,3
58,2,L,TSO^Snachioz,4
59,1,W,Phil182,1
59,1,W,KJC_Obi-Wan,2
59,1,W,KJC_Yoda,3
59,1,W,DaFavorito,4
59,2,L,IcemaN,1
59,2,L,KJC_SuperChameau,2
59,2,L,ace,3
59,2,L,MIKO,4
60,1,W,ace,1
60,1,W,KJC_Obi-Wan,2
60,1,W,WOW,3
60,1,W,Kitty,4
60,1,W,Quabity,5
60,2,L,Wege,1
60,2,L,KJC_Yoda,2
60,2,L,MIKO,3
60,2,L,TSO|Castano,4
60,2,L,TSO~M-u-t-a-n-e,5
61,1,W,Patric,1
61,1,W,ace,2
61,1,W,piCtrues,3
61,1,W,TSO~M-u-t-a-n-e,4
61,2,L,Quabity,1
61,2,L,KJC_Obi-Wan,2
61,2,L,Seán,3
61,2,L,TSO^Snachioz,4
62,1,W,TSO~M-u-t-a-n-e,1
62,1,W,Rela,2
62,1,W,TSO|Castano,3
62,1,W,Quilty,4
62,2,L,Pumba,1
62,2,L,Seán,2
62,2,L,TSO#UltimeHommeFromage,3
62,2,L,MIKO,4
63,1,W,WOW,1
63,1,W,Rela,2
63,1,W,TSO~M-u-t-a-n-e,3
63,1,W,piCtrues,4
63,1,W,ace,5
63,2,L,Phil182,1
63,2,L,KJC_Obi-Wan,2
63,2,L,KJC_BLAD3*Danoirk,3
63,2,L,Kitty,4
63,2,L,Seán,5
64,1,L,piCtrues,1
64,1,L,TSO~M-u-t-a-n-e,2
64,1,L,KJC_Obi-Wan,3
64,2,W,Seán,1
64,2,W,Phil182,2
64,2,W,Rela,3
65,1,D,Quabity,1
65,1,D,Rela,2
65,1,D,ace,3
65,1,D,TSO~M-u-t-a-n-e,4
65,2,D,IcemaN,1
65,2,D,KJC_Obi-Wan,2
65,2,D,KJC_Yoda,3
65,2,D,adestria,4
66,1,L,MIKO,1
66,1,L,noway,2
66,1,L,TSO~M-u-t-a-n-e,3
66,1,L,Greenie,4
66,2,W,Seán,1
66,2,W,KJC_Obi-Wan,2
66,2,W,KJC_Yoda,3
66,2,W,TSO^Snachioz,4
67,1,W,TSO~M-u-t-a-n-e,1
67,1,W,KJC_Michael,2
67,1,W,Quabity,3
67,1,W,TSO_KKaya,4
67,1,W,KJC_Dave,5
67,2,L,CocoLapin,1
67,2,L,KJC_SuperChameau,2
67,2,L,Never,3
67,2,L,MIKO,4
67,2,L,TSO^Snachioz,5
68,1,W,TSO^Snachioz,1
68,1,W,KJC_BLAD3*Danoirk,2
68,1,W,lukas2231,3
68,1,W,ace,4
68,2,L,Rela,1
68,2,L,MIKO,2
68,2,L,TSO~M-u-t-a-n-e,3
68,2,L,Seán,4
69,1,W,TSO^Snachioz,1
69,1,W,KJC_Michael,2
69,1,W,KJC_Yoda,3
69,1,W,MIKO,4
69,1,W,TSO~M-u-t-a-n-e,5
69,2,L,Quabity,1
69,2,L,KJC_Obi-Wan,2
69,2,L,Phil182,3
69,2,L,KJC_BLAD3*Danoirk,4
69,2,L,KJC_Dave,5
70,1,W,Rela,1
70,1,W,piCtrues,2
70,1,W,KJC_Yoda,3
70,1,W,MIKO,4
70,1,W,Quabity,5
70,2,L,KJC_SuperChameau,1
70,2,L,KJC_Obi-Wan,2
70,2,L,KJC_BLAD3*Danoirk,3
70,2,L,Villain,4
70,2,L,ace,5
71,1,W,Rela,1
71,1,W,Quabity,2
71,1,W,Quilty,3
71,1,W,Never,4
71,2,L,TSO^Snachioz,1
71,2,L,Seán,2
71,2,L,TSO~M-u-t-a-n-e,3
71,2,L,TSO_KKaya,4
72,1,L,Seán,1
72,1,L,TSO~M-u-t-a-n-e,2
72,1,L,TSO^Snachioz,3
72,1,L,IcemaN,4
72,2,W,KJC_SuperChameau,1
72,2,W,KJC_Obi-Wan,2
72,2,W,KJC_BLAD3*Danoirk,3
72,2,W,KJC_Dave,4
73,1,D,IcemaN,1
73,1,D,KJC_Michael,2
73,1,D,ace,3
73,1,D,Seán,4
73,2,D,KJC_BLAD3*Danoirk,1
73,2,D,KJC_Yoda,2
73,2,D,KJC_Obi-Wan,3
73,2,D,KJC_Dave,4
74,1,D,KJC_BLAD3*Danoirk,1
74,1,D,Rela,2
74,1,D,TSO^Snachioz,3
74,2,D,Seán,1
74,2,D,TSO~M-u-t-a-n-e,2
74,2,D,Killeashed,3
75,1,W,TSO~M-u-t-a-n-e,1
75,1,W,KJC_Michael,2
75,1,W,MIKO,3
75,1,W,ace,4
75,2,L,KJC_SuperChameau,1
75,2,L,Rela,2
75,2,L,KJC_BLAD3*Danoirk,3
75,2,L,Quabity,4
76,1,W,KJC_Obi-Wan,1
76,1,W,KJC_Michael,2
76,1,W,MIKO,3
76,1,W,Quabity,4
76,2,L,Phil182,1
76,2,L,Rela,2
76,2,L,KJC_SuperChameau,3
76,2,L,TSO~M-u-t-a-n-e,4
77,1,L,KJC_Obi-Wan,1
77,1,L,KJC_Michael,2
77,1,L,Phil182,3
77,1,L,MIKO,4
77,2,W,Seán,1
77,2,W,CocoLapin,2
77,2,W,Rela,3
77,2,W,TSO~M-u-t-a-n-e,4
78,1,W,KJC_Obi-Wan,1
78,1,W,Rela,2
78,1,W,TSO~M-u-t-a-n-e,3
78,2,L,Seán,1
78,2,L,IcemaN,2
78,2,L,Phil182,3
79,1,L,Rela,1
79,1,L,Quilty,2
79,1,L,TSO~M-u-t-a-n-e,3
79,2,W,TSO^Snachioz,1
79,2,W,Quabity,2
79,2,W,nYZ‘,3
80,1,W,Rela,1
80,1,W,TSO~M-u-t-a-n-e,2
80,1,W,Quabity,3
80,2,L,TSO_KKaya,1
80,2,L,Never,2
80,2,L,TSO^Snachioz,3
81,1,W,nYZ‘,1
81,1,W,Rela,2
81,1,W,TSO^Snachioz,3
81,1,W,TSO~M-u-t-a-n-e,4
81,2,L,TSO_KKaya,1
81,2,L,Seán,2
81,2,L,MIKO,3
81,2,L,adestria,4
82,1,L,Quabity,1
82,1,L,nYZ‘,2
82,1,L,MIKO,3
82,1,L,TSO~M-u-t-a-n-e,4
82,2,W,hdtraffic,1
82,2,W,Rela,2
82,2,W,DaFavorito,3
82,2,W,adestria,4
83,1,L,IcemaN,1
83,1,L,KJC_Obi-Wan,2
83,1,L,Neveryear,3
83,1,L,Quabity,4
83,2,W,Seán,1
83,2,W,Pumba,2
83,2,W,TSO~M-u-t-a-n-e,3
83,2,W,Never,4
84,1,W,KJC_Obi-Wan,1
84,1,W,Spitzkopf,2
84,1,W,ace,3
84,1,W,IcemaN,4
84,2,L,piCtrues,1
84,2,L,Rela,2
84,2,L,Neveryear,3
84,2,L,Seán,4
85,1,W,KJC_BLAD3*Danoirk,1
85,1,W,KJC_Michael,2
85,1,W,TSO~M-u-t-a-n-e,3
85,1,W,TSO^Snachioz,4
85,2,L,Quabity,1
85,2,L,DaFavorito,2
85,2,L,Seán,3
85,2,L,Never,4
86,1,W,Sev,1
86,1,W,KJC_Michael,2
86,1,W,Quabity,3
86,1,W,TSO^Snachioz,4
86,2,L,TSO~M-u-t-a-n-e,1
86,2,L,lukas2231,2
86,2,L,MIKO,3
86,2,L,TSO#UltimeHommeFromage,4
87,1,L,Quabity,1
87,1,L,KJC_Obi-Wan,2
87,1,L,ZeroSamus,3
87,1,L,TSO~M-u-t-a-n-e,4
87,2,W,KJC_Michael,1
87,2,W,KJC_Yoda,2
87,2,W,MIKO,3
87,2,W,~LordVader~,4
88,1,W,KJC_Obi-Wan,1
88,1,W,Spitzkopf,2
88,1,W,KJC_Yoda,3
88,1,W,Quabity,4
88,2,L,MIKO,1
88,2,L,Rela,2
88,2,L,JadugriD,3
88,2,L,TSO~M-u-t-a-n-e,4
89,1,W,Rela,1
89,1,W,Urbanz,2
89,1,W,Spongepig,3
89,1,W,ace,4
89,1,W,Quabity,5
89,2,L,MIKO,1
89,2,L,KJC_Obi-Wan,2
89,2,L,KJC_Yoda,3
89,2,L,IcemaN,4
89,2,L,TSO~M-u-t-a-n-e,5
90,1,L,TSO_KKaya,1
90,1,L,KJC_Michael,2
90,1,L,Seán,3
90,1,L,Quabity,4
90,1,L,Never,5
90,2,W,TSO~M-u-t-a-n-e,1
90,2,W,KJC_Obi-Wan,2
90,2,W,DaFavorito,3
90,2,W,~LordVader~,4
90,2,W,IcemaN,5
91,1,D,nYZ‘,1
91,1,D,TSO~M-u-t-a-n-e,2
91,1,D,adestria,3
91,1,D,IcemaN,4
91,2,D,Quabity,1
91,2,D,piCtrues,2
91,2,D,MIKO,3
91,2,D,~LordVader~,4
92,1,W,KJC_Yoda,1
92,1,W,CocoLapin,2
92,1,W,TSO~M-u-t-a-n-e,3
92,1,W,IcemaN,4
92,2,L,KJC_Obi-Wan,1
92,2,L,DaFavorito,2
92,2,L,MIKO,3
92,2,L,Quabity,4
93,1,L,Quabity,1
93,1,L,Spongepig,2
93,1,L,Phil182,3
93,1,L,IcemaN,4
93,2,W,KJC_SuperChameau,1
93,2,W,KJC_Yoda,2
93,2,W,DaFavorito,3
93,2,W,TSO~M-u-t-a-n-e,4
94,1,L,MIKO,1
94,1,L,KJC_Obi-Wan,2
94,1,L,Phil182,3
94,1,L,TSO~M-u-t-a-n-e,4
94,1,L,Seán,5
94,2,W,WOW,1
94,2,W,ace,2
94,2,W,Spongepig,3
94,2,W,IcemaN,4
94,2,W,Quabity,5
95,1,L,TSO~M-u-t-a-n-e,1
95,1,L,Crüdé,2
95,1,L,KJC_Obi-Wan,3
95,1,L,DaFavorito,4
95,2,W,Never,1
95,2,W,slender,2
95,2,W,KJC_Yoda,3
95,2,W,Quabity,4
96,1,W,KJC_Yoda,1
96,1,W,KJC_Obi-Wan,2
96,1,W,KJC_SuperChameau,3
96,1,W,DaFavorito,4
96,1,W,Seán,5
96,2,L,Quabity,1
96,2,L,KJC_Michael,2
96,2,L,Urbanz,3
96,2,L,TSO~M-u-t-a-n-e,4
96,2,L,Never,5
97,1,W,TSO~M-u-t-a-n-e,1
97,1,W,ace,2
97,1,W,Quabity,3
97,1,W,KJC_Yoda,4
97,2,L,Never,1
97,2,L,KJC_Michael,2
97,2,L,MIKO,3
97,2,L,TSO^Snachioz,4
98,1,L,ace,1
98,1,L,Urbanz,2
98,1,L,MIKO,3
98,1,L,IcemaN,4
98,1,L,Quabity,5
98,2,W,TSO~M-u-t-a-n-e,1
98,2,W,KJC_Obi-Wan,2
98,2,W,DaFavorito,3
98,2,W,adestria,4
98,2,W,TSO^Snachioz,5
99,1,W,Sev,1
99,1,W,Urbanz,2
99,1,W,Quabity,3
99,1,W,TSO~M-u-t-a-n-e,4
99,1,W,TSO^Snachioz,5
99,2,L,IcemaN,1
99,2,L,KJC_Obi-Wan,2
99,2,L,MIKO,3
99,2,L,Seán,4
99,2,L,Never,5
100,1,L,Phil182,1
100,1,L,Pumba,2
100,1,L,KJC_Obi-Wan,3
100,1,L,Quabity,4
100,1,L,TSO^Snachioz,5
100,2,W,IcemaN,1
100,2,W,Urbanz,2
100,2,W,TSO~M-u-t-a-n-e,3
100,2,W,Seán,4
100,2,W,Neveryear,5
101,1,W,MIKO,1
101,1,W,Phil182,2
101,1,W,DaFavorito,3
101,1,W,TSO#UltimeHommeFromage,4
101,2,L,TSO^Snachioz,1
101,2,L,KJC_Michael,2
101,2,L,TSO~M-u-t-a-n-e,3
101,2,L,Never,4
102,1,L,TSO^Snachioz,1
102,1,L,Phil182,2
102,1,L,TSO~M-u-t-a-n-e,3
102,1,L,Quabity,4
102,2,W,Never,1
102,2,W,KJC_Dave,2
102,2,W,MIKO,3
102,2,W,Seán,4
103,1,L,KJC_Michael,1
103,1,L,Never,2
103,1,L,KJC_Obi-Wan,3
103,1,L,Phil182,4
103,1,L,MIKO,5
103,2,W,KJC_Yoda,1
103,2,W,Urbanz,2
103,2,W,Spongepig,3
103,2,W,Neveryear,4
103,2,W,TSO~M-u-t-a-n-e,5
104,1,W,Phil182,1
104,1,W,KJC_Michael,2
104,1,W,KJC_Yoda,3
104,1,W,KJC_Obi-Wan,4
104,1,W,TSO^Snachioz,5
104,2,L,Spongepig,1
104,2,L,Urbanz,2
104,2,L,Sev,3
104,2,L,Seán,4
104,2,L,Never,5
105,1,W,TSO~M-u-t-a-n-e,1
105,1,W,slender,2
105,1,W,ace,3
105,1,W,Quabity,4
105,2,L,KJC_Michael,1
105,2,L,KJC_BLAD3*Danoirk,2
105,2,L,Seán,3
105,2,L,TSO^Snachioz,4
106,1,W,MIKO,1
106,1,W,ace,2
106,1,W,TSO~M-u-t-a-n-e,3
106,1,W,Quabity,4
106,2,L,TSO^Snachioz,1
106,2,L,Seán,2
106,2,L,KJC_Dave,3
106,2,L,TSO#UltimeHommeFromage,4
107,1,W,DaFavorito,1
107,1,W,Urbanz,2
107,1,W,KJC_Obi-Wan,3
107,1,W,Slang,4
107,1,W,Phil182,5
107,2,L,Pumba,1
107,2,L,MIKO,2
107,2,L,TSO~M-u-t-a-n-e,3
107,2,L,Seán,4
107,2,L,KJC_BLAD3*Danoirk,5
108,1,W,TSO~M-u-t-a-n-e,1
108,1,W,Pumba,2
108,1,W,darkrider,3
108,1,W,Phil182,4
108,2,L,Seán,1
108,2,L,Urbanz,2
108,2,L,KJC_Obi-Wan,3
108,2,L,TSO^Snachioz,4
109,1,L,DaFavorito,1
109,1,L,Urbanz,2
109,1,L,KJC_Obi-Wan,3
109,1,L,Quabity,4
109,2,W,Slang,1
109,2,W,lukas2231,2
109,2,W,ace,3
109,2,W,TSO^Snachioz,4
110,1,W,Patric,1
110,1,W,CocoLapin,2
110,1,W,Seán,3
110,1,W,Quabity,4
110,1,W,DaFavorito,5
110,2,L,Urbanz,1
110,2,L,KJC_Obi-Wan,2
110,2,L,MIKO,3
110,2,L,TSO~M-u-t-a-n-e,4
110,2,L,TSO^Snachioz,5
111,1,W,ace,1
111,1,W,KJC_BLAD3*Danoirk,2
111,1,W,TSO~M-u-t-a-n-e,3
111,2,L,MIKO,1
111,2,L,IcemaN,2
111,2,L,Quabity,3
112,1,L,IcemaN,1
112,1,L,Rupture,2
112,1,L,TSO~M-u-t-a-n-e,3
112,1,L,Quabity,4
112,2,W,Seán,1
112,2,W,ace,2
112,2,W,MIKO,3
112,2,W,Never,4
113,1,L,MIKO,1
113,1,L,IcemaN,2
113,1,L,Never,3
113,2,W,TSO~M-u-t-a-n-e,1
113,2,W,Seán,2
113,2,W,TSO^Snachioz,3
114,1,W,TSO^Snachioz,1
114,1,W,KJC_Michael,2
114,1,W,KJC_BLAD3*Danoirk,3
114,2,L,Quabity,1
114,2,L,Phil182,2
114,2,L,IcemaN,3
115,1,L,IcemaN,1
115,1,L,KJC_BLAD3*Danoirk,2
115,1,L,Quabity,3
115,2,W,KJC_Michael,1
115,2,W,TSO~M-u-t-a-n-e,2
115,2,W,TSO^Snachioz,3
116,1,L,lukas2231,1
116,1,L,Seán,2
116,1,L,TSO^Snachioz,3
116,1,L,TSO~M-u-t-a-n-e,4
116,1,L,MIKO,5
116,2,W,CocoLapin,1
116,2,W,KJC_Michael,2
116,2,W,ace,3
116,2,W,Quabity,4
116,2,W,DaFavorito,5
117,1,W,KJC_Michael,1
117,1,W,Slang,2
117,1,W,Phil182,3
117,1,W,MIKO,4
117,1,W,Seán,5
117,2,L,DaFavorito,1
117,2,L,nYZ‘,2
117,2,L,lukas2231,3
117,2,L,TSO~M-u-t-a-n-e,4
117,2,L,IcemaN,5
118,1,L,Patric,1
118,1,L,darkrider,2
118,1,L,Quabity,3
118,1,L,jman40,4
118,2,W,z-dawg,1
118,2,W,nYZ‘,2
118,2,W,DaFavorito,3
118,2,W,TSO^Snachioz,4
119,1,W,Quabity,1
119,1,W,KJC_Yoda,2
119,1,W,IcemaN,3
119,1,W,MIKO,4
119,2,L,Neveryear,1
119,2,L,ace,2
119,2,L,Seán,3
119,2,L,TSO~M-u-t-a-n-e,4
120,1,W,KJC_Yoda,1
120,1,W,Quabity,2
120,1,W,Phil182,3
120,1,W,Seán,4
120,2,L,TSO^Snachioz,1
120,2,L,MIKO,2
120,2,L,ace,3
120,2,L,TSO~M-u-t-a-n-e,4
121,1,W,lukas2231,1
121,1,W,Slang,2
121,1,W,CocoLapin,3
121,1,W,Quabity,4
121,2,L,TSO~M-u-t-a-n-e,1
121,2,L,KJC_Michael,2
121,2,L,Seán,3
121,2,L,TSO^Snachioz,4
122,1,W,KJC_Yoda,1
122,1,W,flo,2
122,1,W,~LordVader~,3
122,1,W,TSO~M-u-t-a-n-e,4
122,2,L,Quilty,1
122,2,L,Quabity,2
122,2,L,Urbanz,3
122,2,L,TSO#UltimeHommeFromage,4
123,1,W,CocoLapin,1
123,1,W,lukas2231,2
123,1,W,DaFavorito,3
123,1,W,Quabity,4
123,2,L,Urbanz,1
123,2,L,KJC_BLAD3*Danoirk,2
123,2,L,TSO~M-u-t-a-n-e,3
123,2,L,TSO^Snachioz,4
124,1,W,TSO~M-u-t-a-n-e,1
124,1,W,KJC_BLAD3*Danoirk,2
124,1,W,flo,3
124,1,W,Never,4
124,2,L,Quabity,1
124,2,L,Phil182,2
124,2,L,Quilty,3
124,2,L,TSO^Snachioz,4
125,1,L,Quilty,1
125,1,L,flo,2
125,1,L,Quabity,3
125,2,W,Never,1
125,2,W,KJC_BLAD3*Danoirk,2
125,2,W,TSO~M-u-t-a-n-e,3
126,1,L,MIKO,1
126,1,L,CocoLapin,2
126,1,L,Urbanz,3
126,1,L,Never,4
126,2,W,KJC_BLAD3*Danoirk,1
126,2,W,lukas2231,2
126,2,W,Seán,3
126,2,W,flo,4
127,1,L,Quabity,1
127,1,L,Patric,2
127,1,L,lukas2231,3
127,1,L,MIKO,4
127,2,W,CocoLapin,1
127,2,W,Slang,2
127,2,W,TSO~M-u-t-a-n-e,3
127,2,W,Seán,4
128,1,L,z-dawg,1
128,1,L,KJC_Obi-Wan,2
128,1,L,KJC_BLAD3*Danoirk,3
128,1,L,flo,4
128,2,W,KJC_SuperChameau,1
128,2,W,KJC_Michael,2
128,2,W,IcemaN,3
128,2,W,Phil182,4
129,1,W,KJC_Michael,1
129,1,W,flo,2
129,1,W,Phil182,3
129,1,W,~LordVader~,4
129,1,W,mclorenz,5
129,2,L,TSO~M-u-t-a-n-e,1
129,2,L,KJC_BLAD3*Danoirk,2
129,2,L,lukas2231,3
129,2,L,Seán,4
129,2,L,Never,5
130,1,W,lukas2231,1
130,1,W,flo,2
130,1,W,TSO~M-u-t-a-n-e,3
130,1,W,Never,4
130,2,L,Phil182,1
130,2,L,KJC_Obi-Wan,2
130,2,L,MIKO,3
130,2,L,~LordVader~,4
131,1,L,TSO~M-u-t-a-n-e,1
131,1,L,Rela,2
131,1,L,DaFavorito,3
131,1,L,Seán,4
131,2,W,Never,1
131,2,W,piCtrues,2
131,2,W,ace,3
131,2,W,Phil182,4
132,1,L,Seán,1
132,1,L,Phil182,2
132,1,L,TSO^Snachioz,3
132,2,W,Rela,1
132,2,W,TSO~M-u-t-a-n-e,2
132,2,W,Never,3
133,1,L,mclorenz,1
133,1,L,KJC_Obi-Wan,2
133,1,L,TSO~M-u-t-a-n-e,3
133,1,L,TSO^Snachioz,4
133,2,W,Rela,1
133,2,W,Quabity,2
133,2,W,Seán,3
133,2,W,Never,4
134,1,W,KJC_Obi-Wan,1
134,1,W,Spitzkopf,2
134,1,W,KJC_Dave,3
134,1,W,Seán,4
134,1,W,TSO^Snachioz,5
134,2,L,KJC_BLAD3*Danoirk,1
134,2,L,ace,2
134,2,L,TSO~M-u-t-a-n-e,3
134,2,L,Never,4
134,2,L,Quabity,5
135,1,D,KJC_BLAD3*Danoirk,1
135,1,D,KJC_Obi-Wan,2
135,1,D,TSO~M-u-t-a-n-e,3
135,1,D,MIKO,4
135,1,D,TSO^Snachioz,5
135,2,D,Greenie,1
135,2,D,ace,2
135,2,D,Rela,3
135,2,D,Phil182,4
135,2,D,Quabity,5
136,1,D,MIKO,1
136,1,D,Phil182,2
136,1,D,KJC_BLAD3*Danoirk,3
136,1,D,TSO^Snachioz,4
136,2,D,Rela,1
136,2,D,DaFavorito,2
136,2,D,Quabity,3
136,2,D,Never,4
137,1,W,KJC_BLAD3*Danoirk,1
137,1,W,vishy,2
137,1,W,Phil182,3
137,1,W,Never,4
137,2,L,ace,1
137,2,L,z-dawg,2
137,2,L,MIKO,3
137,2,L,Quabity,4
138,1,W,noway,1
138,1,W,ace,2
138,1,W,WOW,3
138,1,W,Seán,4
138,2,L,z-dawg,1
138,2,L,CocoLapin,2
138,2,L,Rela,3
138,2,L,TSO~M-u-t-a-n-e,4
139,1,W,KJC_Obi-Wan,1
139,1,W,Rela,2
139,1,W,DaFavorito,3
139,1,W,MIKO,4
139,1,W,Quabity,5
139,2,L,adestria,1
139,2,L,TSO#UltimeHommeFromage,2
139,2,L,lukas2231,3
139,2,L,TSO~M-u-t-a-n-e,4
139,2,L,Seán,5
140,1,W,TSO#UltimeHommeFromage,1
140,1,W,Neveryear,2
140,1,W,MIKO,3
140,1,W,Never,4
140,2,L,TSO~M-u-t-a-n-e,1
140,2,L,TSO_KKaya,2
140,2,L,Quabity,3
140,2,L,TSO^Snachioz,4
141,1,L,TSO^Snachioz,1
141,1,L,Rela,2
141,1,L,Quabity,3
141,1,L,TSO~M-u-t-a-n-e,4
141,2,W,Neveryear,1
141,2,W,MIKO,2
141,2,W,Never,3
141,2,W,Seán,4
142,1,L,sick,1
142,1,L,ace,2
142,1,L,DaFavorito,3
142,1,L,Never,4
142,2,W,Sev,1
142,2,W,Urbanz,2
142,2,W,TSO~M-u-t-a-n-e,3
142,2,W,TSO^Snachioz,4
143,1,D,Quabity,1
143,1,D,KJC_Michael,2
143,1,D,sick,3
143,1,D,TSO#UltimeHommeFromage,4
143,2,D,Phil182,1
143,2,D,Sev,2
143,2,D,MIKO,3
143,2,D,TSO^Snachioz,4
144,1,W,MIKO,1
144,1,W,Slang,2
144,1,W,Whitehawk,3
144,2,L,KJC_Obi-Wan,1
144,2,L,nYZ‘,2
144,2,L,KJC_BLAD3*Danoirk,3
145,1,W,sick,1
145,1,W,nYZ‘,2
145,1,W,MIKO,3
145,1,W,KJC_BLAD3*Danoirk,4
145,2,L,Seán,1
145,2,L,Whitehawk,2
145,2,L,KJC_Obi-Wan,3
145,2,L,TSO~M-u-t-a-n-e,4
146,1,L,Timo,1
146,1,L,Whitehawk,2
146,1,L,Minutes,3
146,2,W,schrothi',1
146,2,W,nYZ‘,2
146,2,W,KJC_Obi-Wan,3
147,1,W,sick,1
147,1,W,runaway,2
147,1,W,schrothi',3
147,2,L,lukas2231,1
147,2,L,flo,2
147,2,L,Slang,3
148,1,W,TSO^Snachioz,1
148,1,W,Urbanz,2
148,1,W,nYZ‘,3
148,1,W,TSO#UltimeHommeFromage,4
148,2,L,KJC_SuperChameau,1
148,2,L,KJC_Obi-Wan,2
148,2,L,KJC_BLAD3*Danoirk,3
148,2,L,Never,4
149,1,D,flo,1
149,1,D,lukas2231,2
149,1,D,KJC_Obi-Wan,3
149,1,D,DaFavorito,4
149,2,D,Quabity,1
149,2,D,Urbanz,2
149,2,D,nYZ‘,3
149,2,D,TSO^Snachioz,4
150,1,L,stefano,1
150,1,L,schrothi',2
150,1,L,nYZ‘,3
150,1,L,Phil182,4
150,1,L,SloppyTheClown,5
150,2,W,Spitzkopf,1
150,2,W,darkrider,2
150,2,W,KJC_Obi-Wan,3
150,2,W,DaFavorito,4
150,2,W,Quabity,5
151,1,L,mclorenz,1
151,1,L,schrothi',2
151,1,L,sick,3
151,1,L,stefano,4
151,2,W,IcemaN,1
151,2,W,eleveN,2
151,2,W,nYZ‘,3
151,2,W,Urbanz,4
152,1,W,Whitehawk,1
152,1,W,nYZ‘,2
152,1,W,Timo,3
152,1,W,ace,4
152,2,L,TSO^Snachioz,1
152,2,L,flo,2
152,2,L,Urbanz,3
152,2,L,DaFavorito,4
153,1,W,Never,1
153,1,W,KJC_Michael,2
153,1,W,ace,3
153,1,W,flo,4
153,1,W,TSO^Snachioz,5
153,2,L,MIKO,1
153,2,L,KJC_Obi-Wan,2
153,2,L,KJC_SuperChameau,3
153,2,L,Seán,4
153,2,L,sick,5
154,1,W,piCtrues,1
154,1,W,eleveN,2
154,1,W,dani,3
154,1,W,sick,4
154,2,L,KJC_Obi-Wan,1
154,2,L,slender,2
154,2,L,MIKO,3
154,2,L,TSO^Snachioz,4
155,1,W,eleveN,1
155,1,W,Seán,2
155,1,W,slender,3
155,1,W,ace,4
155,2,L,Slang,1
155,2,L,Quabity,2
155,2,L,dani,3
155,2,L,sick,4
156,1,D,nYZ‘,1
156,1,D,Slang,2
156,1,D,schrothi',3
156,1,D,~LordVader~,4
156,2,D,eleveN,1
156,2,D,CocoLapin,2
156,2,D,stefano,3
156,2,D,DaFavorito,4
157,1,W,IcemaN,1
157,1,W,piCtrues,2
157,1,W,RocKeT,3
157,2,L,Rupture,1
157,2,L,Patric,2
157,2,L,Casu,3
158,1,W,KJC_Obi-Wan,1
158,1,W,KJC_Yoda,2
158,1,W,Urbanz,3
158,1,W,lukas2231,4
158,2,L,Seán,1
158,2,L,runaway,2
158,2,L,CocoLapin,3
158,2,L,schrothi',4
159,1,L,DaFavorito,1
159,1,L,Rela,2
159,1,L,Urbanz,3
159,1,L,Quabity,4
159,2,W,schrothi',1
159,2,W,flo,2
159,2,W,KJC_Obi-Wan,3
159,2,W,piCtrues,4
160,1,W,piCtrues,1
160,1,W,Urbanz,2
160,1,W,KJC_Obi-Wan,3
160,1,W,MIKO,4
160,1,W,flo,5
160,2,L,Rela,1
160,2,L,schrothi',2
160,2,L,CocoLapin,3
160,2,L,DaFavorito,4
160,2,L,Seán,5
161,1,L,stefano,1
161,1,L,schrothi',2
161,1,L,flo,3
161,1,L,Seán,4
161,1,L,Rupture,5
161,2,W,MIKO,1
161,2,W,runaway,2
161,2,W,KJC_Obi-Wan,3
161,2,W,IcemaN,4
161,2,W,TSO^Snachioz,5
162,1,W,z-dawg,1
162,1,W,CocoLapin,2
162,1,W,lukas2231,3
162,1,W,ace,4
162,2,L,KJC_Obi-Wan,1
162,2,L,Urbanz,2
162,2,L,KJC_SuperChameau,3
162,2,L,TSO^Snachioz,4
163,1,L,KJC_Obi-Wan,1
163,1,L,KJC_Yoda,2
163,1,L,KJC_SuperChameau,3
163,1,L,Quabity,4
163,2,W,ace,1
163,2,W,JadugriD,2
163,2,W,z-dawg,3
163,2,W,Isoptox,4
164,1,D,MIKO,1
164,1,D,Pumba,2
164,1,D,Seán,3
164,1,D,JadugriD,4
164,2,D,TSO^Snachioz,1
164,2,D,KJC_Yoda,2
164,2,D,KJC_Obi-Wan,3
164,2,D,Quabity,4
165,1,D,KJC_Yoda,1
165,1,D,JadugriD,2
165,1,D,MIKO,3
165,1,D,Quabity,4
165,2,D,Pumba,1
165,2,D,KJC_Obi-Wan,2
165,2,D,Seán,3
165,2,D,TSO^Snachioz,4
166,1,W,KJC_SuperChameau,1
166,1,W,KJC_Obi-Wan,2
166,1,W,eleveN,3
166,1,W,Never,4
166,2,L,Quabity,1
166,2,L,Pumba,2
166,2,L,JadugriD,3
166,2,L,Seán,4
167,1,L,Quabity,1
167,1,L,KJC_Michael,2
167,1,L,ace,3
167,1,L,MIKO,4
167,2,W,Never,1
167,2,W,piCtrues,2
167,2,W,KJC_Obi-Wan,3
167,2,W,TSO^Snachioz,4
168,1,W,Quabity,1
168,1,W,slender,2
168,1,W,KJC_Obi-Wan,3
168,1,W,MIKO,4
168,2,L,Aditya,1
168,2,L,Urbanz,2
168,2,L,Crüdé,3
168,2,L,TSO^Snachioz,4
169,1,W,CocoLapin,1
169,1,W,MIKO,2
169,1,W,TSO~M-u-t-a-n-e,3
169,1,W,Quabity,4
169,2,L,Never,1
169,2,L,Slang,2
169,2,L,Phil182,3
169,2,L,TSO^Snachioz,4
170,1,W,KJC_SuperChameau,1
170,1,W,slender,2
170,1,W,Phil182,3
170,1,W,Never,4
170,1,W,TSO^Snachioz,5
170,2,L,Quabity,1
170,2,L,piCtrues,2
170,2,L,MIKO,3
170,2,L,Rupture,4
170,2,L,TSO~M-u-t-a-n-e,5
171,1,L,Quabity,1
171,1,L,darkrider,2
171,1,L,KJC_Obi-Wan,3
171,1,L,Phil182,4
171,2,W,runaway,1
171,2,W,TSO~M-u-t-a-n-e,2
171,2,W,MIKO,3
171,2,W,Never,4
172,1,D,KJC_SuperChameau,1
172,1,D,Rela,2
172,1,D,ace,3
172,1,D,Quabity,4
172,2,D,sick,1
172,2,D,lukas2231,2
172,2,D,TSO~M-u-t-a-n-e,3
172,2,D,Never,4
173,1,W,KJC_Obi-Wan,1
173,1,W,KJC_SuperChameau,2
173,1,W,ace,3
173,1,W,sick,4
173,2,L,Quabity,1
173,2,L,lukas2231,2
173,2,L,MIKO,3
173,2,L,TSO~M-u-t-a-n-e,4
174,1,L,KJC_Obi-Wan,1
174,1,L,ace,2
174,1,L,piCtrues,3
174,1,L,TSO~M-u-t-a-n-e,4
174,1,L,adestria,5
174,2,W,slender,1
174,2,W,Villain,2
174,2,W,MIKO,3
174,2,W,sick,4
174,2,W,Quabity,5
175,1,L,Villain,1
175,1,L,ace,2
175,1,L,piCtrues,3
175,1,L,Phil182,4
175,2,W,noway,1
175,2,W,KJC_Obi-Wan,2
175,2,W,sick,3
175,2,W,TSO~M-u-t-a-n-e,4
176,1,W,Phil182,1
176,1,W,TSO^Snachioz,2
176,1,W,lukas2231,3
176,1,W,Quabity,4
176,2,L,piCtrues,1
176,2,L,kimimimimi,2
176,2,L,TSO~M-u-t-a-n-e,3
176,2,L,DaFavorito,4
177,1,W,TSO~M-u-t-a-n-e,1
177,1,W,KJC_Obi-Wan,2
177,1,W,lukas2231,3
177,1,W,Phil182,4
177,2,L,DaFavorito,1
177,2,L,eleveN,2
177,2,L,dani,3
177,2,L,MIKO,4
178,1,L,DaFavorito,1
178,1,L,KJC_Obi-Wan,2
178,1,L,Phil182,3
178,1,L,Quabity,4
178,2,W,nils,1
178,2,W,sick,2
178,2,W,MIKO,3
178,2,W,Aditya,4
179,1,L,CocoLapin,1
179,1,L,sick,2
179,1,L,KJC_Obi-Wan,3
179,1,L,Quabity,4
179,2,W,Phil182,1
179,2,W,nils,2
179,2,W,MIKO,3
179,2,W,Aditya,4
180,1,W,sick,1
180,1,W,CocoLapin,2
180,1,W,Crüdé,3
180,1,W,TSO~M-u-t-a-n-e,4
180,2,L,adestria,1
180,2,L,Villain,2
180,2,L,IcemaN,3
180,2,L,Seán,4
181,1,W,DaFavorito,1
181,1,W,slender,2
181,1,W,piCtrues,3
181,1,W,TSO~M-u-t-a-n-e,4
181,1,W,Quabity,5
181,2,L,schrothi',1
181,2,L,nYZ‘,2
181,2,L,KJC_Obi-Wan,3
181,2,L,MIKO,4
181,2,L,TSO^Snachioz,5
182,1,W,MIKO,1
182,1,W,piCtrues,2
182,1,W,Villain,3
182,1,W,Seán,4
182,1,W,Never,5
182,2,L,Quabity,1
182,2,L,Slang,2
182,2,L,TSO_KKaya,3
182,2,L,TSO~M-u-t-a-n-e,4
182,2,L,kimimimimi,5
183,1,L,TSO_KKaya,1
183,1,L,KJC_Obi-Wan,2
183,1,L,ace,3
183,1,L,Never,4
183,1,L,Quabity,5
183,2,W,TSO~M-u-t-a-n-e,1
183,2,W,Slang,2
183,2,W,Villain,3
183,2,W,MIKO,4
183,2,W,kimimimimi,5
184,1,L,KJC_Yoda,1
184,1,L,KJC_Obi-Wan,2
184,1,L,KJC_SuperChameau,3
184,1,L,Phil182,4
184,1,L,Quabity,5
184,2,W,TSO~M-u-t-a-n-e,1
184,2,W,slender,2
184,2,W,Seán,3
184,2,W,MIKO,4
184,2,W,Never,5
185,1,L,TSO~M-u-t-a-n-e,1
185,1,L,KJC_Michael,2
185,1,L,KJC_Obi-Wan,3
185,1,L,KJC_Yoda,4
185,1,L,Quabity,5
185,2,W,MIKO,1
185,2,W,Urbanz,2
185,2,W,piCtrues,3
185,2,W,z-dawg,4
185,2,W,sick,5
186,1,W,KJC_Obi-Wan,1
186,1,W,nils,2
186,1,W,KJC_SuperChameau,3
186,1,W,z-dawg,4
186,1,W,IcemaN,5
186,2,L,piCtrues,1
186,2,L,Slang,2
186,2,L,MIKO,3
186,2,L,sick,4
186,2,L,Quabity,5
187,1,W,sick,1
187,1,W,eleveN,2
187,1,W,schrothi',3
187,1,W,Quabity,4
187,2,L,MIKO,1
187,2,L,KJC_Obi-Wan,2
187,2,L,piCtrues,3
187,2,L,IcemaN,4
188,1,D,sick,1
188,1,D,eleveN,2
188,1,D,schrothi',3
188,2,D,IcemaN,1
188,2,D,Crüdé,2
188,2,D,Urbanz,3
189,1,L,Never,1
189,1,L,runaway,2
189,1,L,KJC_SuperChameau,3
189,1,L,TSO~M-u-t-a-n-e,4
189,2,W,lukas2231,1
189,2,W,CocoLapin,2
189,2,W,sick,3
189,2,W,TSO_KKaya,4
190,1,W,Seán,1
190,1,W,CocoLapin,2
190,1,W,lukas2231,3
190,1,W,Julius,4
190,2,L,TSO~M-u-t-a-n-e,1
190,2,L,Rela,2
190,2,L,KJC_SuperChameau,3
190,2,L,Quabity,4
191,1,W,KJC_Obi-Wan,1
191,1,W,runaway,2
191,1,W,Never,3
191,2,L,KJC_SuperChameau,1
191,2,L,sick,2
191,2,L,lukas2231,3
192,1,W,Never,1
192,1,W,nils,2
192,1,W,lukas2231,3
192,1,W,Isoptox,4
192,1,W,Quabity,5
192,2,L,TSO~M-u-t-a-n-e,1
192,2,L,Rela,2
192,2,L,Phil182,3
192,2,L,Viper,4
192,2,L,TSO^Snachioz,5
193,1,L,flo,1
193,1,L,schrothi',2
193,1,L,stefano,3
193,1,L,sick,4
193,2,W,Crüdé,1
193,2,W,CocoLapin,2
193,2,W,nYZ‘,3
193,2,W,piCtrues,4
194,1,W,piCtrues,1
194,1,W,nYZ‘,2
194,1,W,sick,3
194,1,W,nuht,4
194,2,L,schrothi',1
194,2,L,flo,2
194,2,L,stefano,3
194,2,L,Quabity,4
195,1,W,piCtrues,1
195,1,W,Urbanz,2
195,1,W,ace,3
195,1,W,Quabity,4
195,2,L,Slang,1
195,2,L,lukas2231,2
195,2,L,TSO~M-u-t-a-n-e,3
195,2,L,Never,4
196,1,L,stefano,1
196,1,L,schrothi',2
196,1,L,sick,3
196,1,L,nuht,4
196,2,W,Crüdé,1
196,2,W,slender,2
196,2,W,Villain,3
196,2,W,CAAMEN,4
197,1,W,KJC_Obi-Wan,1
197,1,W,lukas2231,2
197,1,W,ace,3
197,1,W,TSO~M-u-t-a-n-e,4
197,2,L,piCtrues,1
197,2,L,Slang,2
197,2,L,Phil182,3
197,2,L,Quabity,4
198,1,W,Villain,1
198,1,W,piCtrues,2
198,1,W,MIKO,3
198,2,L,Seán,1
198,2,L,lukas2231,2
198,2,L,flo,3
199,1,L,Crüdé,1
199,1,L,CocoLapin,2
199,1,L,flo,3
199,1,L,Villain,4
199,2,W,Urbanz,1
199,2,W,KJC_Obi-Wan,2
199,2,W,ace,3
199,2,W,Seán,4
200,1,L,piCtrues,1
200,1,L,KJC_Yoda,2
200,1,L,flo,3
200,1,L,Never,4
200,2,W,lukas2231,1
200,2,W,sick,2
200,2,W,TSO~M-u-t-a-n-e,3
200,2,W,Quabity,4
201,1,W,KJC_Obi-Wan,1
201,1,W,Pumba,2
201,1,W,KJC_SuperChameau,3
201,1,W,Quabity,4
201,1,W,TSO#UltimeHommeFromage,5
201,2,L,sick,1
201,2,L,lukas2231,2
201,2,L,TSO~M-u-t-a-n-e,3
201,2,L,Villain,4
201,2,L,TSO^Snachioz,5
202,1,W,Never,1
202,1,W,nYZ‘,2
202,1,W,piCtrues,3
202,1,W,sick,4
202,2,L,Seán,1
202,2,L,Slang,2
202,2,L,flo,3
202,2,L,stefano,4
203,1,L,DaFavorito,1
203,1,L,KJC_Obi-Wan,2
203,1,L,TSO~M-u-t-a-n-e,3
203,1,L,KJC_BLAD3*Danoirk,4
203,2,W,ace,1
203,2,W,Seán,2
203,2,W,Never,3
203,2,W,piCtrues,4
204,1,W,Seán,1
204,1,W,Pumba,2
204,1,W,Never,3
204,1,W,TSO^Snachioz,4
204,2,L,TSO~M-u-t-a-n-e,1
204,2,L,piCtrues,2
204,2,L,stefano,3
204,2,L,kimimimimi,4
205,1,L,Pumba,1
205,1,L,stefano,2
205,1,L,DaFavorito,3
205,2,W,z-dawg,1
205,2,W,Sev,2
205,2,W,KJC_Obi-Wan,3
206,1,W,Never,1
206,1,W,runaway,2
206,1,W,TSO~M-u-t-a-n-e,3
206,1,W,Seán,4
206,2,L,DaFavorito,1
206,2,L,Sev,2
206,2,L,sick,3
206,2,L,adestria,4
207,1,L,Quabity,1
207,1,L,Whitehawk,2
207,1,L,Crüdé,3
207,1,L,Aditya,4
207,2,W,Never,1
207,2,W,nYZ‘,2
207,2,W,lukas2231,3
207,2,W,Isoptox,4
208,1,W,TSO~M-u-t-a-n-e,1
208,1,W,KJC_Obi-Wan,2
208,1,W,Phil182,3
208,1,W,Quabity,4
208,2,L,KJC_Yoda,1
208,2,L,DaFavorito,2
208,2,L,Seán,3
208,2,L,Never,4
209,1,W,Quabity,1
209,1,W,Phil182,2
209,1,W,z-dawg,3
209,2,L,KJC_Yoda,1
209,2,L,Seán,2
209,2,L,TSO~M-u-t-a-n-e,3
210,1,L,Never,1
210,1,L,CocoLapin,2
210,1,L,Seán,3
210,1,L,TSO~M-u-t-a-n-e,4
210,2,W,KJC_Obi-Wan,1
210,2,W,lukas2231,2
210,2,W,Phil182,3
210,2,W,Quabity,4
211,1,L,Never,1
211,1,L,CocoLapin,2
211,1,L,TSO~M-u-t-a-n-e,3
211,1,L,nuht,4
211,2,W,piCtrues,1
211,2,W,darkrider,2
211,2,W,Quabity,3
211,2,W,TSO#UltimeHommeFromage,4
212,1,L,nYZ‘,1
212,1,L,darkrider,2
212,1,L,Crüdé,3
212,2,W,nils,1
212,2,W,CocoLapin,2
212,2,W,Slang,3
213,1,L,sick,1
213,1,L,eleveN,2
213,1,L,flo,3
213,2,W,DaFavorito,1
213,2,W,Slang,2
213,2,W,Villain,3
214,1,D,Slang,1
214,1,D,eleveN,2
214,1,D,nYZ‘,3
214,2,D,Pumba,1
214,2,D,Whitehawk,2
214,2,D,KJC_Obi-Wan,3
215,1,W,nYZ‘,1
215,1,W,Whitehawk,2
215,1,W,sick,3
215,1,W,Crüdé,4
215,2,L,DaFavorito,1
215,2,L,eleveN,2
215,2,L,piCtrues,3
215,2,L,kimimimimi,4
216,1,W,Quabity,1
216,1,W,Slang,2
216,1,W,Phil182,3
216,1,W,MIKO,4
216,2,L,TSO~M-u-t-a-n-e,1
216,2,L,KJC_Obi-Wan,2
216,2,L,flo,3
216,2,L,TSO^Snachioz,4
217,1,L,Quabity,1
217,1,L,nYZ‘,2
217,1,L,Phil182,3
217,1,L,TSO^Snachioz,4
217,2,W,sick,1
217,2,W,Pumba,2
217,2,W,flo,3
217,2,W,TSO~M-u-t-a-n-e,4
218,1,W,ace,1
218,1,W,runaway,2
218,1,W,sick,3
218,2,L,piCtrues,1
218,2,L,flo,2
218,2,L,schrothi',3
219,1,W,ace,1
219,1,W,Slang,2
219,1,W,TSO~M-u-t-a-n-e,3
219,1,W,Quabity,4
219,2,L,Seán,1
219,2,L,Whitehawk,2
219,2,L,TSO_KKaya,3
219,2,L,TSO#UltimeHommeFromage,4
220,1,W,nYZ‘,1
220,1,W,Slang,2
220,1,W,TSO~M-u-t-a-n-e,3
220,1,W,KJC_SuperChameau,4
220,2,L,Never,1
220,2,L,lukas2231,2
220,2,L,Phil182,3
220,2,L,IcemaN,4
221,1,W,Quabity,1
221,1,W,KJC_Yoda,2
221,1,W,TSO~M-u-t-a-n-e,3
221,1,W,relation,4
221,2,L,KJC_Obi-Wan,1
221,2,L,KJC_SuperChameau,2
221,2,L,Seán,3
221,2,L,TSO^Snachioz,4
222,1,W,Urbanz,1
222,1,W,TSO^Snachioz,2
222,1,W,WhenDovesCry,3
222,1,W,Quabity,4
222,2,L,lukas2231,1
222,2,L,Crüdé,2
222,2,L,Never,3
222,2,L,Phil182,4
223,1,W,Never,1
223,1,W,runaway,2
223,1,W,relation,3
223,1,W,TSO~M-u-t-a-n-e,4
223,2,L,Quabity,1
223,2,L,KJC_Obi-Wan,2
223,2,L,KJC_Yoda,3
223,2,L,DaFavorito,4
224,1,D,Never,1
224,1,D,nYZ‘,2
224,1,D,Slang,3
224,1,D,TSO^Snachioz,4
224,2,D,CocoLapin,1
224,2,D,lukas2231,2
224,2,D,KJC_SuperChameau,3
224,2,D,Bill'Boss,4
225,1,L,CocoLapin,1
225,1,L,Crüdé,2
225,1,L,Slang,3
225,2,W,lukas2231,1
225,2,W,JadugriD,2
225,2,W,sick,3
226,1,W,TSO~M-u-t-a-n-e,1
226,1,W,runaway,2
226,1,W,Seán,3
226,1,W,TSO#UltimeHommeFromage,4
226,2,L,Never,1
226,2,L,sick,2
226,2,L,Phil182,3
226,2,L,KJC_SuperChameau,4
227,1,L,TSO~M-u-t-a-n-e,1
227,1,L,ace,2
227,1,L,TSO#UltimeHommeFromage,3
227,1,L,Never,4
227,2,W,Quabity,1
227,2,W,relation,2
227,2,W,KJC_SuperChameau,3
227,2,W,TSO^Snachioz,4
228,1,W,MIKO,1
228,1,W,nils,2
228,1,W,schrothi',3
228,1,W,sick,4
228,2,L,lukas2231,1
228,2,L,Slang,2
228,2,L,relation,3
228,2,L,adestria,4
229,1,D,lukas2231,1
229,1,D,nYZ‘,2
229,1,D,tsukiakari,3
229,1,D,Never,4
229,2,D,sick,1
229,2,D,nils,2
229,2,D,Urbanz,3
229,2,D,TSO~M-u-t-a-n-e,4
230,1,W,bl1nnk,1
230,1,W,Urbanz,2
230,1,W,IcemaN,3
230,1,W,sick,4
230,2,L,lukas2231,1
230,2,L,ace,2
230,2,L,~LordVader~,3
230,2,L,nYZ‘,4
231,1,D,lukas2231,1
231,1,D,Urbanz,2
231,1,D,IcemaN,3
231,1,D,Crüdé,4
231,2,D,sick,1
231,2,D,nYZ‘,2
231,2,D,bl1nnk,3
231,2,D,Phil182,4
232,1,W,TSO~M-u-t-a-n-e,1
232,1,W,Quabity,2
232,1,W,runaway,3
232,1,W,Seán,4
232,2,L,MIKO,1
232,2,L,piCtrues,2
232,2,L,DaFavorito,3
232,2,L,Never,4
233,1,W,ace,1
233,1,W,nYZ‘,2
233,1,W,relation,3
233,1,W,TSO~M-u-t-a-n-e,4
233,2,L,lukas2231,1
233,2,L,Slang,2
233,2,L,Crüdé,3
233,2,L,Quabity,4
234,1,L,CocoLapin,1
234,1,L,lukas2231,2
234,1,L,Never,3
234,1,L,TSO^Snachioz,4
234,2,W,MIKO,1
234,2,W,nYZ‘,2
234,2,W,Phil182,3
234,2,W,Quabity,4
235,1,D,Quabity,1
235,1,D,runaway,2
235,1,D,Phil182,3
235,1,D,TSO^Snachioz,4
235,2,D,MIKO,1
235,2,D,KJC_Obi-Wan,2
235,2,D,piCtrues,3
235,2,D,TSO~M-u-t-a-n-e,4
236,1,W,Quabity,1
236,1,W,lukas2231,2
236,1,W,Never,3
236,1,W,Crüdé,4
236,2,L,TSO~M-u-t-a-n-e,1
236,2,L,KJC_Yoda,2
236,2,L,Seán,3
236,2,L,TSO^Snachioz,4
237,1,W,nYZ‘,1
237,1,W,Urbanz,2
237,1,W,relation,3
237,2,L,CocoLapin,1
237,2,L,lukas2231,2
237,2,L,KJC_SuperChameau,3
238,1,W,lukas2231,1
238,1,W,Urbanz,2
238,1,W,bl1nnk,3
238,2,L,relation,1
238,2,L,Crüdé,2
238,2,L,CocoLapin,3
239,1,L,Quabity,1
239,1,L,lukas2231,2
239,1,L,Phil182,3
239,1,L,TSO~M-u-t-a-n-e,4
239,2,W,Never,1
239,2,W,KJC_Obi-Wan,2
239,2,W,bl1nnk,3
239,2,W,TSO^Snachioz,4
240,1,W,Seán,1
240,1,W,Phil182,2
240,1,W,Quilty,3
240,1,W,Quabity,4
240,2,L,TSO~M-u-t-a-n-e,1
240,2,L,DaFavorito,2
240,2,L,Never,3
240,2,L,TSO^Snachioz,4
241,1,W,nYZ‘,1
241,1,W,Whitehawk,2
241,1,W,final.dsp,3
241,2,L,sick,1
241,2,L,Urbanz,2
241,2,L,Slang,3
242,1,W,TSO~M-u-t-a-n-e,1
242,1,W,Urbanz,2
242,1,W,Avaran,3
242,1,W,Seán,4
242,2,L,Never,1
242,2,L,Rela,2
242,2,L,lukas2231,3
242,2,L,Quabity,4
243,1,W,Urbanz,1
243,1,W,sick,2
243,1,W,final.dsp,3
243,1,W,adestria,4
243,2,L,KJC_Obi-Wan,1
243,2,L,lukas2231,2
243,2,L,schrothi',3
243,2,L,TSO~M-u-t-a-n-e,4
244,1,W,TSO~M-u-t-a-n-e,1
244,1,W,schrothi',2
244,1,W,sick,3
244,1,W,Slang,4
244,2,L,lukas2231,1
244,2,L,KJC_Obi-Wan,2
244,2,L,KJC_SuperChameau,3
244,2,L,final.dsp,4
245,1,W,KJC_Yoda,1
245,1,W,lukas2231,2
245,1,W,TSO#UltimeHommeFromage,3
245,1,W,MIKO,4
245,2,L,KJC_Obi-Wan,1
245,2,L,KJC_SuperChameau,2
245,2,L,sick,3
245,2,L,Seán,4
246,1,W,KJC_Yoda,1
246,1,W,sick,2
246,1,W,CocoLapin,3
246,1,W,DaFavorito,4
246,2,L,Quabity,1
246,2,L,Rela,2
246,2,L,tsukiakari,3
246,2,L,Erik,4
247,1,W,DaFavorito,1
247,1,W,Whitehawk,2
247,1,W,Rela,3
247,1,W,tsukiakari,4
247,2,L,sick,1
247,2,L,CocoLapin,2
247,2,L,KJC_Obi-Wan,3
247,2,L,TSO^Snachioz,4
248,1,L,Never,1
248,1,L,Rela,2
248,1,L,Phil182,3
248,1,L,final.dsp,4
248,2,W,TSO^Snachioz,1
248,2,W,lukas2231,2
248,2,W,Stan_Smith,3
248,2,W,Quabity,4
249,1,L,Urbanz,1
249,1,L,lukas2231,2
249,1,L,Quabity,3
249,1,L,KJC_SuperChameau,4
249,2,W,Seán,1
249,2,W,Slang,2
249,2,W,KJC_Obi-Wan,3
249,2,W,relation,4
250,1,W,MIKO,1
250,1,W,KJC_Obi-Wan,2
250,1,W,Urbanz,3
250,1,W,KJC_Yoda,4
250,2,L,Quabity,1
250,2,L,CocoLapin,2
250,2,L,tsukiakari,3
250,2,L,DaFavorito,4
251,1,L,KJC_Obi-Wan,1
251,1,L,KJC_Yoda,2
251,1,L,KJC_SuperChameau,3
251,1,L,Quabity,4
251,2,W,Seán,1
251,2,W,WOW,2
251,2,W,DaFavorito,3
251,2,W,IcemaN,4
252,1,W,runaway,1
252,1,W,Seán,2
252,1,W,IcemaN,3
252,1,W,Phil182,4
252,2,L,KJC_Obi-Wan,1
252,2,L,KJC_Yoda,2
252,2,L,KJC_SuperChameau,3
252,2,L,Rela,4
253,1,W,Pumba,1
253,1,W,KJC_Obi-Wan,2
253,1,W,relation,3
253,1,W,KJC_SuperChameau,4
253,2,L,IcemaN,1
253,2,L,KJC_Yoda,2
253,2,L,Rela,3
253,2,L,Phil182,4
254,1,D,Quabity,1
254,1,D,lukas2231,2
254,1,D,sick,3
254,2,D,Urbanz,1
254,2,D,Never,2
254,2,D,MPeace,3
255,1,L,slender,1
255,1,L,Urbanz,2
255,1,L,Quabity,3
255,1,L,adestria,4
255,2,W,KJC_Obi-Wan,1
255,2,W,lukas2231,2
255,2,W,sick,3
255,2,W,Never,4
256,1,L,KJC_Obi-Wan,1
256,1,L,KJC_SuperChameau,2
256,1,L,lukas2231,3
256,1,L,IcemaN,4
256,2,W,slender,1
256,2,W,sick,2
256,2,W,Urbanz,3
256,2,W,Never,4
257,1,D,sick,1
257,1,D,lukas2231,2
257,1,D,IcemaN,3
257,1,D,Never,4
257,2,D,Urbanz,1
257,2,D,MIKO,2
257,2,D,TSO^Snachioz,3
257,2,D,TSO#UltimeHommeFromage,4
258,1,W,MIKO,1
258,1,W,Slang,2
258,1,W,IcemaN,3
258,1,W,sick,4
258,2,L,Seán,1
258,2,L,CocoLapin,2
258,2,L,ace,3
258,2,L,Never,4
259,1,W,nYZ‘,1
259,1,W,Never,2
259,1,W,Sev,3
259,2,L,sick,1
259,2,L,KJC_Obi-Wan,2
259,2,L,Slang,3
260,1,L,Never,1
260,1,L,Sev,2
260,1,L,schrothi',3
260,2,W,nYZ‘,1
260,2,W,KJC_Obi-Wan,2
260,2,W,sick,3
261,1,W,Seán,1
261,1,W,RRWS,2
261,1,W,IcemaN,3
261,1,W,TSO~M-u-t-a-n-e,4
261,2,L,ace,1
261,2,L,DaFavorito,2
261,2,L,Phil182,3
261,2,L,TSO^Snachioz,4
262,1,L,Urbanz,1
262,1,L,CocoLapin,2
262,1,L,Never,3
262,1,L,lukas2231,4
262,2,W,sick,1
262,2,W,nYZ‘,2
262,2,W,schrothi',3
262,2,W,avenger~,4
263,1,W,Seán,1
263,1,W,RRWS,2
263,1,W,JadugriD,3
263,1,W,sick,4
263,2,L,DaFavorito,1
263,2,L,avenger~,2
263,2,L,KJC_Obi-Wan,3
263,2,L,!*Foxx*!,4
264,1,L,sick,1
264,1,L,runaway,2
264,1,L,TSO~M-u-t-a-n-e,3
264,1,L,Never,4
264,2,W,Urbanz,1
264,2,W,Slang,2
264,2,W,lukas2231,3
264,2,W,Quabity,4
265,1,L,Seán,1
265,1,L,runaway,2
265,1,L,avenger~,3
265,1,L,TSO~M-u-t-a-n-e,4
265,2,W,Urbanz,1
265,2,W,sick,2
265,2,W,lukas2231,3
265,2,W,Quabity,4
266,1,W,Quabity,1
266,1,W,RRWS,2
266,1,W,TSO#UltimeHommeFromage,3
266,1,W,Never,4
266,2,L,DaFavorito,1
266,2,L,sick,2
266,2,L,Erik,3
266,2,L,TSO^Snachioz,4
267,1,L,KJC_Obi-Wan,1
267,1,L,Pumba,2
267,1,L,TSO^Snachioz,3
267,1,L,Never,4
267,2,W,sick,1
267,2,W,Whitehawk,2
267,2,W,lukas2231,3
267,2,W,Erik,4
268,1,L,TSO~M-u-t-a-n-e,1
268,1,L,runaway,2
268,1,L,Seán,3
268,1,L,sick,4
268,2,W,KJC_Yoda,1
268,2,W,KJC_Obi-Wan,2
268,2,W,Urbanz,3
268,2,W,TSO#UltimeHommeFromage,4
269,1,L,lukas2231,1
269,1,L,Whitehawk,2
269,1,L,vanda,3
269,2,W,nYZ‘,1
269,2,W,sick,2
269,2,W,Slang,3
270,1,L,KJC_Obi-Wan,1
270,1,L,nYZ‘,2
270,1,L,vanda,3
270,1,L,relation,4
270,2,W,sick,1
270,2,W,Whitehawk,2
270,2,W,Urbanz,3
270,2,W,Slang,4
271,1,W,lukas2231,1
271,1,W,nils,2
271,1,W,avenger~,3
271,1,W,Never,4
271,2,L,Urbanz,1
271,2,L,nYZ‘,2
271,2,L,sick,3
271,2,L,TSO^Snachioz,4
272,1,W,TSO#UltimeHommeFromage,1
272,1,W,tsukiakari,2
272,1,W,avenger~,3
272,1,W,Quabity,4
272,2,L,DaFavorito,1
272,2,L,relation,2
272,2,L,TSO~M-u-t-a-n-e,3
272,2,L,TSO^Snachioz,4
273,1,W,KJC_Yoda,1
273,1,W,RRWS,2
273,1,W,Seán,3
273,1,W,TSO^Snachioz,4
273,2,L,Quabity,1
273,2,L,WOW,2
273,2,L,Anyder,3
273,2,L,TSO~M-u-t-a-n-e,4
274,1,D,lukas2231,1
274,1,D,piCtrues,2
274,1,D,CocoLapin,3
274,1,D,DaFavorito,4
274,2,D,TSO~M-u-t-a-n-e,1
274,2,D,slender,2
274,2,D,darkrider,3
274,2,D,Never,4
275,1,W,KJC_Obi-Wan,1
275,1,W,Never,2
275,1,W,piCtrues,3
275,1,W,Seán,4
275,2,L,TSO~M-u-t-a-n-e,1
275,2,L,WhenDovesCry,2
275,2,L,DaFavorito,3
275,2,L,runaway,4
276,1,W,KJC_Obi-Wan,1
276,1,W,nYZ‘,2
276,1,W,IcemaN,3
276,1,W,DaFavorito,4
276,2,L,piCtrues,1
276,2,L,Timo,2
276,2,L,final.dsp,3
276,2,L,avenger~,4
277,1,D,nYZ‘,1
277,1,D,lukas2231,2
277,1,D,IcemaN,3
277,1,D,TSO~M-u-t-a-n-e,4
277,2,D,KJC_Obi-Wan,1
277,2,D,Urbanz,2
277,2,D,piCtrues,3
277,2,D,Never,4
278,1,L,Urbanz,1
278,1,L,TSO~M-u-t-a-n-e,2
278,1,L,relation,3
278,1,L,KJC_SuperChameau,4
278,2,W,piCtrues,1
278,2,W,lukas2231,2
278,2,W,KJC_Yoda,3
278,2,W,IcemaN,4
279,1,W,nYZ‘,1
279,1,W,KJC_SuperChameau,2
279,1,W,piCtrues,3
279,1,W,TSO~M-u-t-a-n-e,4
279,2,L,Never,1
279,2,L,KJC_Obi-Wan,2
279,2,L,WhenDovesCry,3
279,2,L,relation,4
280,1,L,piCtrues,1
280,1,L,CocoLapin,2
280,1,L,KJC_Obi-Wan,3
280,1,L,relation,4
280,2,W,nYZ‘,1
280,2,W,lukas2231,2
280,2,W,Urbanz,3
280,2,W,TSO#UltimeHommeFromage,4
281,1,L,nYZ‘,1
281,1,L,Slang,2
281,1,L,avenger~,3
281,1,L,lukas2231,4
281,2,W,piCtrues,1
281,2,W,CocoLapin,2
281,2,W,Urbanz,3
281,2,W,relation,4
282,1,L,DaFavorito,1
282,1,L,final.dsp,2
282,1,L,sick,3
282,1,L,Crüdé,4
282,2,W,CocoLapin,1
282,2,W,lukas2231,2
282,2,W,avenger~,3
282,2,W,relation,4
283,1,D,sick,1
283,1,D,relation,2
283,1,D,Seán,3
283,1,D,Quabity,4
283,2,D,KJC_Obi-Wan,1
283,2,D,KJC_SuperChameau,2
283,2,D,avenger~,3
283,2,D,~LordVader~,4
284,1,W,avenger~,1
284,1,W,sick,2
284,1,W,tsukiakari,3
284,1,W,final.dsp,4
284,2,L,lukas2231,1
284,2,L,Urbanz,2
284,2,L,Never,3
284,2,L,TSO^Snachioz,4
285,1,W,Urbanz,1
285,1,W,avenger~,2
285,1,W,tsukiakari,3
285,1,W,TSO~M-u-t-a-n-e,4
285,2,L,sick,1
285,2,L,lukas2231,2
285,2,L,piCtrues,3
285,2,L,Crüdé,4
286,1,W,sick,1
286,1,W,julz,2
286,1,W,relation,3
286,1,W,Clone,4
286,2,L,nYZ‘,1
286,2,L,Urbanz,2
286,2,L,piCtrues,3
286,2,L,IcemaN,4
287,1,W,nYZ‘,1
287,1,W,nils,2
287,1,W,Crüdé,3
287,1,W,Never,4
287,2,L,sick,1
287,2,L,Urbanz,2
287,2,L,avenger~,3
287,2,L,Clone,4
288,1,D,Never,1
288,1,D,runaway,2
288,1,D,Urbanz,3
288,1,D,CocoLapin,4
288,2,D,sick,1
288,2,D,Whitehawk,2
288,2,D,Slang,3
288,2,D,lukas2231,4
289,1,W,Killeashed,1
289,1,W,Avaran,2
289,1,W,final.dsp,3
289,2,L,Never,1
289,2,L,sick,2
289,2,L,DaFavorito,3
290,1,D,sick,1
290,1,D,KJC_Obi-Wan,2
290,1,D,Never,3
290,1,D,DaFavorito,4
290,2,D,slender,1
290,2,D,Saimen,2
290,2,D,Seán,3
290,2,D,SloppyTheClown,4
291,1,W,nYZ‘,1
291,1,W,Slang,2
291,1,W,Avaran,3
291,1,W,final.dsp,4
291,2,L,piCtrues,1
291,2,L,lukas2231,2
291,2,L,avenger~,3
291,2,L,DaFavorito,4
292,1,W,Seán,1
292,1,W,Sev,2
292,1,W,Timo,3
292,1,W,KJC_Obi-Wan,4
292,2,L,Quabity,1
292,2,L,Spitzkopf,2
292,2,L,Whitehawk,3
292,2,L,TSO~M-u-t-a-n-e,4
293,1,W,nYZ‘,1
293,1,W,Whitehawk,2
293,1,W,lukas2231,3
293,1,W,DaFavorito,4
293,2,L,relation,1
293,2,L,julz,2
293,2,L,Timo,3
293,2,L,piCtrues,4
294,1,W,relation,1
294,1,W,Timo,2
294,1,W,Chapeau,3
294,2,L,Whitehawk,1
294,2,L,final.dsp,2
294,2,L,DaFavorito,3
295,1,W,piCtrues,1
295,1,W,runaway,2
295,1,W,final.dsp,3
295,1,W,relation,4
295,2,L,TSO~M-u-t-a-n-e,1
295,2,L,KJC_Yoda,2
295,2,L,KJC_Obi-Wan,3
295,2,L,avenger~,4
296,1,W,Seán,1
296,1,W,KJC_Obi-Wan,2
296,1,W,MIKO,3
296,1,W,relation,4
296,2,L,KJC_Yoda,1
296,2,L,avenger~,2
296,2,L,final.dsp,3
296,2,L,TSO~M-u-t-a-n-e,4
297,1,L,Never,1
297,1,L,Timo,2
297,1,L,Chapeau,3
297,1,L,Phil182,4
297,2,W,nYZ‘,1
297,2,W,DaFavorito,2
297,2,W,TSO^Snachioz,3
297,2,W,adestria,4
298,1,L,avenger~,1
298,1,L,darkrider,2
298,1,L,Chapeau,3
298,1,L,Timo,4
298,2,W,Never,1
298,2,W,nYZ‘,2
298,2,W,Phil182,3
298,2,W,TSO~M-u-t-a-n-e,4
299,1,L,KJC_Yoda,1
299,1,L,KJC_Obi-Wan,2
299,1,L,KJC_SuperChameau,3
299,1,L,TSO~M-u-t-a-n-e,4
299,2,W,lukas2231,1
299,2,W,runaway,2
299,2,W,avenger~,3
299,2,W,Phil182,4
300,1,W,TSO#UltimeHommeFromage,1
300,1,W,avenger~,2
300,1,W,TSO~M-u-t-a-n-e,3
300,1,W,Quabity,4
300,2,L,relation,1
300,2,L,Crüdé,2
300,2,L,Seán,3
300,2,L,mclorenz,4
301,1,L,KJC_Obi-Wan,1
301,1,L,KJC_SuperChameau,2
301,1,L,relation,3
301,1,L,~LordVader~,4
301,2,W,Quabity,1
301,2,W,lukas2231,2
301,2,W,Crüdé,3
301,2,W,Never,4
302,1,L,Never,1
302,1,L,avenger~,2
302,1,L,final.dsp,3
302,1,L,TSO^Snachioz,4
302,2,W,Urbanz,1
302,2,W,vanda,2
302,2,W,sick,3
302,2,W,Chapeau,4
303,1,W,sick,1
303,1,W,julz,2
303,1,W,avenger~,3
303,1,W,Chapeau,4
303,2,L,TSO~M-u-t-a-n-e,1
303,2,L,Urbanz,2
303,2,L,lukas2231,3
303,2,L,TSO^Snachioz,4
304,1,W,Quabity,1
304,1,W,Urbanz,2
304,1,W,lukas2231,3
304,1,W,piCtrues,4
304,1,W,TSO~M-u-t-a-n-e,5
304,2,L,sick,1
304,2,L,avenger~,2
304,2,L,KJC_Obi-Wan,3
304,2,L,Crüdé,4
304,2,L,Never,5
305,1,W,final.dsp,1
305,1,W,julz,2
305,1,W,schrothi',3
305,2,L,relation,1
305,2,L,Whitehawk,2
305,2,L,sick,3
306,1,L,Never,1
306,1,L,lukas2231,2
306,1,L,sick,3
306,2,W,Urbanz,1
306,2,W,final.dsp,2
306,2,W,KJC_SuperChameau,3
307,1,W,piCtrues,1
307,1,W,Urbanz,2
307,1,W,Never,3
307,2,L,lukas2231,1
307,2,L,final.dsp,2
307,2,L,sick,3
308,1,L,Quabity,1
308,1,L,RRWS,2
308,1,L,TSO~M-u-t-a-n-e,3
308,1,L,Never,4
308,2,W,sick,1
308,2,W,avenger~,2
308,2,W,lukas2231,3
308,2,W,TSO^Snachioz,4
309,1,L,sick,1
309,1,L,julz,2
309,1,L,Crüdé,3
309,1,L,Isoptox,4
309,2,W,piCtrues,1
309,2,W,Urbanz,2
309,2,W,KJC_Obi-Wan,3
309,2,W,z-dawg,4
310,1,L,sick,1
310,1,L,Urbanz,2
310,1,L,adestria,3
310,1,L,Quabity,4
310,2,W,piCtrues,1
310,2,W,relation,2
310,2,W,lukas2231,3
310,2,W,TSO~M-u-t-a-n-e,4
311,1,W,Urbanz,1
311,1,W,lukas2231,2
311,1,W,Quabity,3
311,1,W,piCtrues,4
311,2,L,Seán,1
311,2,L,Whitehawk,2
311,2,L,sick,3
311,2,L,TSO~M-u-t-a-n-e,4
312,1,L,Urbanz,1
312,1,L,Whitehawk,2
312,1,L,lukas2231,3
312,1,L,Quabity,4
312,2,W,piCtrues,1
312,2,W,Slang,2
312,2,W,avenger~,3
312,2,W,sick,4
313,1,L,piCtrues,1
313,1,L,avenger~,2
313,1,L,Chapeau,3
313,1,L,Never,4
313,2,W,TSO~M-u-t-a-n-e,1
313,2,W,lukas2231,2
313,2,W,DaFavorito,3
313,2,W,sick,4
314,1,W,avenger~,1
314,1,W,Whitehawk,2
314,1,W,sick,3
314,1,W,z-dawg,4
314,2,L,CocoLapin,1
314,2,L,tsukiakari,2
314,2,L,RRWS,3
314,2,L,Chapeau,4
315,1,W,sick,1
315,1,W,nYZ‘,2
315,1,W,Whitehawk,3
315,1,W,Chapeau,4
315,2,L,lukas2231,1
315,2,L,avenger~,2
315,2,L,DaFavorito,3
315,2,L,KJC_Obi-Wan,4
316,1,W,Seán,1
316,1,W,Urbanz,2
316,1,W,DaFavorito,3
316,1,W,Chapeau,4
316,2,L,nYZ‘,1
316,2,L,sick,2
316,2,L,TSO~M-u-t-a-n-e,3
316,2,L,TSO^Snachioz,4
317,1,W,TSO~M-u-t-a-n-e,1
317,1,W,julz,2
317,1,W,lukas2231,3
317,1,W,relation,4
317,2,L,KJC_Obi-Wan,1
317,2,L,Whitehawk,2
317,2,L,avenger~,3
317,2,L,DaFavorito,4
318,1,L,KJC_Obi-Wan,1
318,1,L,KJC_SuperChameau,2
318,1,L,relation,3
318,2,W,Seán,1
318,2,W,slender,2
318,2,W,DaFavorito,3
319,1,L,Quabity,1
319,1,L,Timo,2
319,1,L,TSO~M-u-t-a-n-e,3
319,1,L,IcemaN,4
319,2,W,Never,1
319,2,W,lukas2231,2
319,2,W,avenger~,3
319,2,W,TSO^Snachioz,4
320,1,W,Sev,1
320,1,W,KJC_Yoda,2
320,1,W,HappyGondorian,3
320,1,W,Clone,4
320,2,L,Quabity,1
320,2,L,KJC_Obi-Wan,2
320,2,L,piCtrues,3
320,2,L,SloppyTheClown,4
321,1,W,KJC_Yoda,1
321,1,W,KJC_Obi-Wan,2
321,1,W,Seán,3
321,2,L,Never,1
321,2,L,slender,2
321,2,L,HappyGondorian,3
322,1,L,TSO#UltimeHommeFromage,1
322,1,L,CocoLapin,2
322,1,L,Timo,3
322,1,L,Never,4
322,2,W,TSO~M-u-t-a-n-e,1
322,2,W,nYZ‘,2
322,2,W,DaFavorito,3
322,2,W,Seán,4
323,1,L,piCtrues,1
323,1,L,KJC_Obi-Wan,2
323,1,L,TSO~M-u-t-a-n-e,3
323,1,L,Never,4
323,2,W,Seán,1
323,2,W,avenger~,2
323,2,W,DaFavorito,3
323,2,W,KJC_Yoda,4
324,1,L,lukas2231,1
324,1,L,Timo,2
324,1,L,Phil182,3
324,1,L,DaFavorito,4
324,2,W,nYZ‘,1
324,2,W,avenger~,2
324,2,W,relation,3
324,2,W,Never,4
325,1,L,relation,1
325,1,L,nYZ‘,2
325,1,L,DaFavorito,3
325,1,L,Never,4
325,2,W,TSO~M-u-t-a-n-e,1
325,2,W,avenger~,2
325,2,W,sick,3
325,2,W,Smith,4
326,1,W,lukas2231,1
326,1,W,avenger~,2
326,1,W,Crüdé,3
326,1,W,Smith,4
326,2,L,KJC_Obi-Wan,1
326,2,L,schrothi',2
326,2,L,sick,3
326,2,L,Never,4
327,1,L,lukas2231,1
327,1,L,julz,2
327,1,L,schrothi',3
327,1,L,sick,4
327,2,W,nYZ‘,1
327,2,W,piCtrues,2
327,2,W,CocoLapin,3
327,2,W,DaFavorito,4
328,1,W,Slang,1
328,1,W,nYZ‘,2
328,1,W,Never,3
328,1,W,final.dsp,4
328,2,L,sick,1
328,2,L,KJC_Obi-Wan,2
328,2,L,avenger~,3
328,2,L,DaFavorito,4
329,1,W,sick,1
329,1,W,Smith,2
329,1,W,Seán,3
329,1,W,TSO~M-u-t-a-n-e,4
329,2,L,piCtrues,1
329,2,L,Chapeau,2
329,2,L,IcemaN,3
329,2,L,MIKO,4
330,1,L,sick,1
330,1,L,Whitehawk,2
330,1,L,schrothi',3
330,1,L,vanda,4
330,2,W,lukas2231,1
330,2,W,Slang,2
330,2,W,Urbanz,3
330,2,W,final.dsp,4
331,1,L,final.dsp,1
331,1,L,Tinooo,2
331,1,L,noah,3
331,1,L,Chapeau,4
331,2,W,avenger~,1
331,2,W,Urbanz,2
331,2,W,sick,3
331,2,W,Lars,4
332,1,W,sick,1
332,1,W,Urbanz,2
332,1,W,noah,3
332,1,W,Mr.Three,4
332,1,W,TSO~M-u-t-a-n-e,5
332,2,L,MIKO,1
332,2,L,lukas2231,2
332,2,L,Smith,3
332,2,L,Chapeau,4
332,2,L,Quabity,5
333,1,W,sick,1
333,1,W,lukas2231,2
333,1,W,Smith,3
333,1,W,Mr.Three,4
333,1,W,Chapeau,5
333,2,L,Urbanz,1
333,2,L,noah,2
333,2,L,MIKO,3
333,2,L,TSO~M-u-t-a-n-e,4
333,2,L,Quabity,5
334,1,L,sick,1
334,1,L,slender,2
334,1,L,Phil182,3
334,2,W,final.dsp,1
334,2,W,julz,2
334,2,W,lukas2231,3
335,1,W,Seán,1
335,1,W,CocoLapin,2
335,1,W,KJC_Obi-Wan,3
335,1,W,TSO~M-u-t-a-n-e,4
335,2,L,Never,1
335,2,L,nYZ‘,2
335,2,L,DaFavorito,3
335,2,L,Chapeau,4
336,1,L,MIKO,1
336,1,L,CocoLapin,2
336,1,L,KJC_Obi-Wan,3
336,1,L,Clone,4
336,2,W,sick,1
336,2,W,nYZ‘,2
336,2,W,noah,3
336,2,W,DaFavorito,4
337,1,L,lukas2231,1
337,1,L,slender,2
337,1,L,Seán,3
337,1,L,Never,4
337,2,W,TSO~M-u-t-a-n-e,1
337,2,W,darkrider,2
337,2,W,sick,3
337,2,W,avenger~,4
338,1,W,lukas2231,1
338,1,W,nYZ‘,2
338,1,W,relation,3
338,1,W,ProSlayer,4
338,2,L,TSO~M-u-t-a-n-e,1
338,2,L,OMGITZSVENY,2
338,2,L,sick,3
338,2,L,IcemaN,4
339,1,W,DaFavorito,1
339,1,W,darkrider,2
339,1,W,Timo,3
339,1,W,sick,4
339,2,L,TSO~M-u-t-a-n-e,1
339,2,L,eleveN,2
339,2,L,OMGITZSVENY,3
339,2,L,relation,4
340,1,W,Quabity,1
340,1,W,Whitehawk,2
340,1,W,TSO~M-u-t-a-n-e,3
340,1,W,Phil182,4
340,2,L,lukas2231,1
340,2,L,Timo,2
340,2,L,TSO^Snachioz,3
340,2,L,Seán,4
341,1,L,Never,1
341,1,L,final.dsp,2
341,1,L,ace,3
341,2,W,TSO~M-u-t-a-n-e,1
341,2,W,Phil182,2
341,2,W,lukas2231,3
342,1,W,DaFavorito,1
342,1,W,nYZ‘,2
342,1,W,Never,3
342,1,W,ProSlayer,4
342,2,L,CocoLapin,1
342,2,L,final.dsp,2
342,2,L,Mr.Three,3
342,2,L,HappyGondorian,4
343,1,L,CocoLapin,1
343,1,L,DaFavorito,2
343,1,L,final.dsp,3
343,1,L,HappyGondorian,4
343,2,W,MIKO,1
343,2,W,Mr.Three,2
343,2,W,Never,3
343,2,W,Killeashed,4
344,1,W,Seán,1
344,1,W,runaway,2
344,1,W,KJC_SuperChameau,3
344,1,W,KJC_Yoda,4
344,2,L,TSO#UltimeHommeFromage,1
344,2,L,KJC_Obi-Wan,2
344,2,L,piCtrues,3
344,2,L,relation,4
345,1,W,nYZ‘,1
345,1,W,Timo,2
345,1,W,Whitehawk,3
345,2,L,lukas2231,1
345,2,L,Slang,2
345,2,L,CocoLapin,3
346,1,L,lukas2231,1
346,1,L,nYZ‘,2
346,1,L,final.dsp,3
346,1,L,DaFavorito,4
346,2,W,Slang,1
346,2,W,CocoLapin,2
346,2,W,Whitehawk,3
346,2,W,Tinooo,4
347,1,L,TSO~M-u-t-a-n-e,1
347,1,L,avenger~,2
347,1,L,DaFavorito,3
347,1,L,final.dsp,4
347,2,W,slender,1
347,2,W,CAAMEN,2
347,2,W,Crüdé,3
347,2,W,Quabity,4
348,1,W,lukas2231,1
348,1,W,slender,2
348,1,W,Never,3
348,1,W,CAAMEN,4
348,2,L,relation,1
348,2,L,WhenDovesCry,2
348,2,L,avenger~,3
348,2,L,tsukiakari,4
349,1,W,Slang,1
349,1,W,nils,2
349,1,W,relation,3
349,1,W,Never,4
349,2,L,MIKO,1
349,2,L,eleveN,2
349,2,L,CocoLapin,3
349,2,L,sick,4
350,1,L,sick,1
350,1,L,relation,2
350,1,L,vanda,3
350,2,W,Villain,1
350,2,W,tsukiakari,2
350,2,W,schrothi',3
351,1,D,sick,1
351,1,D,Whitehawk,2
351,1,D,Urbanz,3
351,1,D,schrothi',4
351,1,D,Clone,5
351,2,D,avenger~,1
351,2,D,Pumba,2
351,2,D,stefano,3
351,2,D,KJC_Obi-Wan,4
351,2,D,KJC_SuperChameau,5
352,1,W,avenger~,1
352,1,W,lukas2231,2
352,1,W,DaFavorito,3
352,1,W,Never,4
352,2,L,Urbanz,1
352,2,L,sick,2
352,2,L,KJC_SuperChameau,3
352,2,L,TSO^Snachioz,4
353,1,L,sick,1
353,1,L,schrothi',2
353,1,L,DaFavorito,3
353,1,L,relation,4
353,2,W,Seán,1
353,2,W,IcemaN,2
353,2,W,Never,3
353,2,W,runaway,4
354,1,L,Never,1
354,1,L,nYZ‘,2
354,1,L,rebelzzCL,3
354,1,L,final.dsp,4
354,2,W,KJC_Obi-Wan,1
354,2,W,KJC_SuperChameau,2
354,2,W,piCtrues,3
354,2,W,HappyGondorian,4
355,1,L,Seán,1
355,1,L,nils,2
355,1,L,DaFavorito,3
355,1,L,TSO^Snachioz,4
355,2,W,Never,1
355,2,W,Urbanz,2
355,2,W,nYZ‘,3
355,2,W,Inflexible,4
356,1,W,Never,1
356,1,W,CocoLapin,2
356,1,W,Inflexible,3
356,1,W,TSO^Snachioz,4
356,2,L,IcemaN,1
356,2,L,final.dsp,2
356,2,L,MIKO,3
356,2,L,rebelzzCL,4
357,1,L,TSO^Snachioz,1
357,1,L,Timo,2
357,1,L,MIKO,3
357,1,L,~LordVader~,4
357,2,W,sick,1
357,2,W,final.dsp,2
357,2,W,Clone,3
357,2,W,Never,4
358,1,L,Slang,1
358,1,L,schrothi',2
358,1,L,MIKO,3
358,1,L,Seán,4
358,2,W,nYZ‘,1
358,2,W,Timo,2
358,2,W,sick,3
358,2,W,Never,4
359,1,W,Never,1
359,1,W,nYZ‘,2
359,1,W,tsukiakari,3
359,1,W,sick,4
359,2,L,DaFavorito,1
359,2,L,schrothi',2
359,2,L,Timo,3
359,2,L,Inflexible,4
360,1,L,vanda,1
360,1,L,lukas2231,2
360,1,L,Inflexible,3
360,1,L,sick,4
360,2,W,Urbanz,1
360,2,W,rebelzzCL,2
360,2,W,avenger~,3
360,2,W,Never,4
361,1,W,sick,1
361,1,W,nYZ‘,2
361,1,W,ProSlayer,3
361,1,W,Chapeau,4
361,2,L,Quabity,1
361,2,L,Timo,2
361,2,L,vanda,3
361,2,L,IcemaN,4
362,1,L,sick,1
362,1,L,nYZ‘,2
362,1,L,TSO#UltimeHommeFromage,3
362,1,L,ProSlayer,4
362,2,W,KJC_Yoda,1
362,2,W,MIKO,2
362,2,W,Seán,3
362,2,W,vanda,4
363,1,L,Quabity,1
363,1,L,nYZ‘,2
363,1,L,MIKO,3
363,1,L,final.dsp,4
363,2,W,sick,1
363,2,W,CocoLapin,2
363,2,W,vanda,3
363,2,W,Inflexible,4
364,1,L,Quabity,1
364,1,L,lukas2231,2
364,1,L,TSO^Snachioz,3
364,1,L,Inflexible,4
364,2,W,KJC_SuperChameau,1
364,2,W,Chapeau,2
364,2,W,Never,3
364,2,W,rebelzzCL,4
365,1,L,MIKO,1
365,1,L,Urbanz,2
365,1,L,lukas2231,3
365,1,L,KJC_SuperChameau,4
365,2,W,slender,1
365,2,W,final.dsp,2
365,2,W,Killeashed,3
365,2,W,Quabity,4
366,1,W,Never,1
366,1,W,Timo,2
366,1,W,ProSlayer,3
366,1,W,TSO~M-u-t-a-n-e,4
366,2,L,MIKO,1
366,2,L,tsukiakari,2
366,2,L,Seán,3
366,2,L,Inflexible,4
367,1,L,Never,1
367,1,L,CocoLapin,2
367,1,L,KJC_Obi-Wan,3
367,1,L,MIKO,4
367,2,W,Seán,1
367,2,W,slender,2
367,2,W,tsukiakari,3
367,2,W,KJC_SuperChameau,4
368,1,W,Never,1
368,1,W,CocoLapin,2
368,1,W,KJC_SuperChameau,3
368,2,L,lukas2231,1
368,2,L,TSO#UltimeHommeFromage,2
368,2,L,Chapeau,3
